Workbook

Sheet จองคิว
A1: เดือน | B1: วัน | C1: นัดหมาย | D1: Job No. | E1: สถานะ | F1: รหัสเครื่อง | G1: ชื่อเครื่อง | H1: ยี่ห้อ | I1: รุ่น | J1: SerialNo | K1: หน่วยงานผู้ใช้ | L1: งาน | M1: ผู้รับจอง | N1: หมายเหตุ
A2: =TEXT(C2, "mmm") -> ก.ย. | B2: =TEXT(C2,"[$-41E]dddd") -> พุธ | C2: 46267 | D2: 69-15479 | E2: แล้วเสร็จ | F2: MEDCMU-008036 | G2: =INDEX('เครื่องมือแพทย์ (956)'!$C:$C,MATCH(F2,'เครื่องมือแพทย์ (956)'!$B:$B,0)) -> Vital Sign Monitors | H2: =INDEX('เครื่องมือแพทย์ (956)'!$E:$E,MATCH(F2,'เครื่องมือแพทย์ (956)'!$B:$B,0)) -> CSI Criticare | I2: =INDEX('เครื่องมือแพทย์ (956)'!$F:$F,MATCH(F2,'เครื่องมือแพทย์ (956)'!$B:$B,0)) -> eQuality 506DN | J2: =INDEX('เครื่องมือแพทย์ (956)'!$G:$G,MATCH(F2,'เครื่องมือแพทย์ (956)'!$B:$B,0)) -> 113054300 | K2: =INDEX('เครื่องมือแพทย์ (956)'!$J:$J,MATCH(F2,'เครื่องมือแพทย์ (956)'!$B:$B,0)) -> หอผู้ป่วยฟื้นฟูสภาพ | L2: =INDEX('เครื่องมือแพทย์ (956)'!$K:$K,MATCH(F2,'เครื่องมือแพทย์ (956)'!$B:$B,0)) -> งานการพยาบาลผู้ป่วยทั่วไป จิตเวช จักษุและโสต ศอ นาสิก | M2: น้ำ
A3: =TEXT(C3, "mmm") -> ก.ย. | B3: =TEXT(C3,"[$-41E]dddd") -> พุธ | C3: 46267 | D3: 69-15428 | E3: แล้วเสร็จ | F3: MEDCMU-008037 | G3: =INDEX('เครื่องมือแพทย์ (956)'!$C:$C,MATCH(F3,'เครื่องมือแพทย์ (956)'!$B:$B,0)) -> Vital Sign Monitors | H3: =INDEX('เครื่องมือแพทย์ (956)'!$E:$E,MATCH(F3,'เครื่องมือแพทย์ (956)'!$B:$B,0)) -> CSI Criticare | I3: =INDEX('เครื่องมือแพทย์ (956)'!$F:$F,MATCH(F3,'เครื่องมือแพทย์ (956)'!$B:$B,0)) -> eQuality 506DN | J3: =INDEX('เครื่องมือแพทย์ (956)'!$G:$G,MATCH(F3,'เครื่องมือแพทย์ (956)'!$B:$B,0)) -> 113054315 | K3: =INDEX('เครื่องมือแพทย์ (956)'!$J:$J,MATCH(F3,'เครื่องมือแพทย์ (956)'!$B:$B,0)) -> หอผู้ป่วยฟื้นฟูสภาพ | L3: =INDEX('เครื่องมือแพทย์ (956)'!$K:$K,MATCH(F3,'เครื่องมือแพทย์ (956)'!$B:$B,0)) -> งานการพยาบาลผู้ป่วยทั่วไป จิตเวช จักษุและโสต ศอ นาสิก | M3: น้ำ
A4: =TEXT(C4, "mmm") -> ก.ย. | B4: =TEXT(C4,"[$-41E]dddd") -> พุธ | C4: 46267 | D4: 69-15427 | E4: แล้วเสร็จ | F4: MEDCMU-008102 | G4: =INDEX('เครื่องมือแพทย์ (956)'!$C:$C,MATCH(F4,'เครื่องมือแพทย์ (956)'!$B:$B,0)) -> Electrocardiography | H4: =INDEX('เครื่องมือแพทย์ (956)'!$E:$E,MATCH(F4,'เครื่องมือแพทย์ (956)'!$B:$B,0)) -> Fukuda Denshi | I4: =INDEX('เครื่องมือแพทย์ (956)'!$F:$F,MATCH(F4,'เครื่องมือแพทย์ (956)'!$B:$B,0)) -> FX-2111 | J4: =INDEX('เครื่องมือแพทย์ (956)'!$G:$G,MATCH(F4,'เครื่องมือแพทย์ (956)'!$B:$B,0)) -> 3415-3053 | K4: =INDEX('เครื่องมือแพทย์ (956)'!$J:$J,MATCH(F4,'เครื่องมือแพทย์ (956)'!$B:$B,0)) -> หอผู้ป่วยฟื้นฟูสภาพ | L4: =INDEX('เครื่องมือแพทย์ (956)'!$K:$K,MATCH(F4,'เครื่องมือแพทย์ (956)'!$B:$B,0)) -> งานการพยาบาลผู้ป่วยทั่วไป จิตเวช จักษุและโสต ศอ นาสิก | M4: น้ำ
A5: =TEXT(C5, "mmm") -> ก.ย. | B5: =TEXT(C5,"[$-41E]dddd") -> พุธ | C5: 46267 | D5: 69-15464 | E5: แล้วเสร็จ | F5: MEDCMU-008131 | G5: =INDEX('เครื่องมือแพทย์ (956)'!$C:$C,MATCH(F5,'เครื่องมือแพทย์ (956)'!$B:$B,0)) -> Vital Sign Monitors | H5: =INDEX('เครื่องมือแพทย์ (956)'!$E:$E,MATCH(F5,'เครื่องมือแพทย์ (956)'!$B:$B,0)) -> Goldway | I5: =INDEX('เครื่องมือแพทย์ (956)'!$F:$F,MATCH(F5,'เครื่องมือแพทย์ (956)'!$B:$B,0)) -> G30E | J5: =INDEX('เครื่องมือแพทย์ (956)'!$G:$G,MATCH(F5,'เครื่องมือแพทย์ (956)'!$B:$B,0)) -> CN93909834 | K5: =INDEX('เครื่องมือแพทย์ (956)'!$J:$J,MATCH(F5,'เครื่องมือแพทย์ (956)'!$B:$B,0)) -> หอผู้ป่วยฟื้นฟูสภาพ | L5: =INDEX('เครื่องมือแพทย์ (956)'!$K:$K,MATCH(F5,'เครื่องมือแพทย์ (956)'!$B:$B,0)) -> งานการพยาบาลผู้ป่วยทั่วไป จิตเวช จักษุและโสต ศอ นาสิก | M5: น้ำ
A6: =TEXT(C6, "mmm") -> ก.ย. | B6: =TEXT(C6,"[$-41E]dddd") -> พุธ | C6: 46267 | D6: 69-15481 | E6: แล้วเสร็จ | F6: MEDCMU-020924 | G6: =INDEX('เครื่องมือแพทย์ (956)'!$C:$C,MATCH(F6,'เครื่องมือแพทย์ (956)'!$B:$B,0)) -> Pulse Oximeter | H6: =INDEX('เครื่องมือแพทย์ (956)'!$E:$E,MATCH(F6,'เครื่องมือแพทย์ (956)'!$B:$B,0)) -> ROSSMAX | I6: =INDEX('เครื่องมือแพทย์ (956)'!$F:$F,MATCH(F6,'เครื่องมือแพทย์ (956)'!$B:$B,0)) -> SA210 | J6: =INDEX('เครื่องมือแพทย์ (956)'!$G:$G,MATCH(F6,'เครื่องมือแพทย์ (956)'!$B:$B,0)) -> SP0905-00226 | K6: =INDEX('เครื่องมือแพทย์ (956)'!$J:$J,MATCH(F6,'เครื่องมือแพทย์ (956)'!$B:$B,0)) -> หน่วยกิจกรรมบำบัด | L6: =INDEX('เครื่องมือแพทย์ (956)'!$K:$K,MATCH(F6,'เครื่องมือแพทย์ (956)'!$B:$B,0)) -> ภาควิชาเวชศาสตร์ฟื้นฟู | M6: น้ำ
A7: =TEXT(C7, "mmm") -> ก.ย. | B7: =TEXT(C7,"[$-41E]dddd") -> พุธ | C7: 46267 | D7: 69-15468 | E7: แล้วเสร็จ | F7: MEDCMU-002499 | G7: =INDEX('เครื่องมือแพทย์ (956)'!$C:$C,MATCH(F7,'เครื่องมือแพทย์ (956)'!$B:$B,0)) -> Vital Sign Monitors | H7: =INDEX('เครื่องมือแพทย์ (956)'!$E:$E,MATCH(F7,'เครื่องมือแพทย์ (956)'!$B:$B,0)) -> Philips | I7: =INDEX('เครื่องมือแพทย์ (956)'!$F:$F,MATCH(F7,'เครื่องมือแพทย์ (956)'!$B:$B,0)) -> Efficia CM10 | J7: =INDEX('เครื่องมือแพทย์ (956)'!$G:$G,MATCH(F7,'เครื่องมือแพทย์ (956)'!$B:$B,0)) -> CN92383268 | K7: =INDEX('เครื่องมือแพทย์ (956)'!$J:$J,MATCH(F7,'เครื่องมือแพทย์ (956)'!$B:$B,0)) -> หอผู้ป่วยอายุรกรรมหญิง 2 | L7: =INDEX('เครื่องมือแพทย์ (956)'!$K:$K,MATCH(F7,'เครื่องมือแพทย์ (956)'!$B:$B,0)) -> งานการพยาบาลผู้ป่วยอายุรศาสตร์ | M7: ฝ้าย | N7: ส่งซ่อมต่อ
A8: =TEXT(C8, "mmm") -> ก.ย. | B8: =TEXT(C8,"[$-41E]dddd") -> พุธ | C8: 46267 | D8: 69-15466 | E8: แล้วเสร็จ | F8: MEDCMU-002502 | G8: =INDEX('เครื่องมือแพทย์ (956)'!$C:$C,MATCH(F8,'เครื่องมือแพทย์ (956)'!$B:$B,0)) -> Vital Sign Monitors | H8: =INDEX('เครื่องมือแพทย์ (956)'!$E:$E,MATCH(F8,'เครื่องมือแพทย์ (956)'!$B:$B,0)) -> Philips | I8: =INDEX('เครื่องมือแพทย์ (956)'!$F:$F,MATCH(F8,'เครื่องมือแพทย์ (956)'!$B:$B,0)) -> SureSigns VM4 | J8: =INDEX('เครื่องมือแพทย์ (956)'!$G:$G,MATCH(F8,'เครื่องมือแพทย์ (956)'!$B:$B,0)) -> US12558623 | K8: =INDEX('เครื่องมือแพทย์ (956)'!$J:$J,MATCH(F8,'เครื่องมือแพทย์ (956)'!$B:$B,0)) -> หอผู้ป่วยอายุรกรรมหญิง 2 | L8: =INDEX('เครื่องมือแพทย์ (956)'!$K:$K,MATCH(F8,'เครื่องมือแพทย์ (956)'!$B:$B,0)) -> งานการพยาบาลผู้ป่วยอายุรศาสตร์ | M8: ฝ้าย
A9: =TEXT(C9, "mmm") -> ก.ย. | B9: =TEXT(C9,"[$-41E]dddd") -> พุธ | C9: 46267 | D9: 69-15453 | E9: แล้วเสร็จ | F9: MEDCMU-018743 | G9: =INDEX('เครื่องมือแพทย์ (956)'!$C:$C,MATCH(F9,'เครื่องมือแพทย์ (956)'!$B:$B,0)) -> Vital Sign Monitors | H9: =INDEX('เครื่องมือแพทย์ (956)'!$E:$E,MATCH(F9,'เครื่องมือแพทย์ (956)'!$B:$B,0)) -> Creative Medical | I9: =INDEX('เครื่องมือแพทย์ (956)'!$F:$F,MATCH(F9,'เครื่องมือแพทย์ (956)'!$B:$B,0)) -> PC-900 | J9: =INDEX('เครื่องมือแพทย์ (956)'!$G:$G,MATCH(F9,'เครื่องมือแพทย์ (956)'!$B:$B,0)) -> J0100RJ03150 | K9: =INDEX('เครื่องมือแพทย์ (956)'!$J:$J,MATCH(F9,'เครื่องมือแพทย์ (956)'!$B:$B,0)) -> หอผู้ป่วยสังเกตอาการ | L9: =INDEX('เครื่องมือแพทย์ (956)'!$K:$K,MATCH(F9,'เครื่องมือแพทย์ (956)'!$B:$B,0)) -> งานการพยาบาลผู้ป่วยนอกและผู้ป่วยฉุกเฉิน | M9: น้ำ
A10: =TEXT(C10, "mmm") -> ก.ย. | B10: =TEXT(C10,"[$-41E]dddd") -> พุธ | C10: 46267 | D10: 69-15460 | E10: แล้วเสร็จ | F10: MEDCMU-013682 | G10: =INDEX('เครื่องมือแพทย์ (956)'!$C:$C,MATCH(F10,'เครื่องมือแพทย์ (956)'!$B:$B,0)) -> Pulse Oximeter | H10: =INDEX('เครื่องมือแพทย์ (956)'!$E:$E,MATCH(F10,'เครื่องมือแพทย์ (956)'!$B:$B,0)) -> Masimo | I10: =INDEX('เครื่องมือแพทย์ (956)'!$F:$F,MATCH(F10,'เครื่องมือแพทย์ (956)'!$B:$B,0)) -> Rad-5v | J10: =INDEX('เครื่องมือแพทย์ (956)'!$G:$G,MATCH(F10,'เครื่องมือแพทย์ (956)'!$B:$B,0)) -> N03621 | K10: =INDEX('เครื่องมือแพทย์ (956)'!$J:$J,MATCH(F10,'เครื่องมือแพทย์ (956)'!$B:$B,0)) -> ห้องตรวจเบอร์ 9 (ห้องตรวจอายุรกรรมทั่วไป) | L10: =INDEX('เครื่องมือแพทย์ (956)'!$K:$K,MATCH(F10,'เครื่องมือแพทย์ (956)'!$B:$B,0)) -> งานการพยาบาลผู้ป่วยนอกและผู้ป่วยฉุกเฉิน | M10: ฟิล์ม
A11: =TEXT(C11, "mmm") -> ก.ย. | B11: =TEXT(C11,"[$-41E]dddd") -> พุธ | C11: 46267 | D11: 69-15461 | E11: แล้วเสร็จ | F11: MEDCMU-013683 | G11: =INDEX('เครื่องมือแพทย์ (956)'!$C:$C,MATCH(F11,'เครื่องมือแพทย์ (956)'!$B:$B,0)) -> Pulse Oximeter | H11: =INDEX('เครื่องมือแพทย์ (956)'!$E:$E,MATCH(F11,'เครื่องมือแพทย์ (956)'!$B:$B,0)) -> Novametrix | I11: =INDEX('เครื่องมือแพทย์ (956)'!$F:$F,MATCH(F11,'เครื่องมือแพทย์ (956)'!$B:$B,0)) -> 125-18171MNPT | J11: =INDEX('เครื่องมือแพทย์ (956)'!$G:$G,MATCH(F11,'เครื่องมือแพทย์ (956)'!$B:$B,0)) -> UO-09-6649-001-9928/47(1) | K11: =INDEX('เครื่องมือแพทย์ (956)'!$J:$J,MATCH(F11,'เครื่องมือแพทย์ (956)'!$B:$B,0)) -> ห้องตรวจเบอร์ 9 (ห้องตรวจอายุรกรรมทั่วไป) | L11: =INDEX('เครื่องมือแพทย์ (956)'!$K:$K,MATCH(F11,'เครื่องมือแพทย์ (956)'!$B:$B,0)) -> งานการพยาบาลผู้ป่วยนอกและผู้ป่วยฉุกเฉิน | M11: ฟิล์ม
A12: =TEXT(C12, "mmm") -> ก.ย. | B12: =TEXT(C12,"[$-41E]dddd") -> พุธ | C12: 46267 | D12: 69-15465 | E12: แล้วเสร็จ | F12: MEDCMU-013856 | G12: =INDEX('เครื่องมือแพทย์ (956)'!$C:$C,MATCH(F12,'เครื่องมือแพทย์ (956)'!$B:$B,0)) -> Pulse Oximeter | H12: =INDEX('เครื่องมือแพทย์ (956)'!$E:$E,MATCH(F12,'เครื่องมือแพทย์ (956)'!$B:$B,0)) -> Mindray | I12: =INDEX('เครื่องมือแพทย์ (956)'!$F:$F,MATCH(F12,'เครื่องมือแพทย์ (956)'!$B:$B,0)) -> PM-60 | J12: =INDEX('เครื่องมือแพทย์ (956)'!$G:$G,MATCH(F12,'เครื่องมือแพทย์ (956)'!$B:$B,0)) -> CR-6B175995 | K12: =INDEX('เครื่องมือแพทย์ (956)'!$J:$J,MATCH(F12,'เครื่องมือแพทย์ (956)'!$B:$B,0)) -> ห้องตรวจเบอร์ 1(ห้องตรวจศัลยกรรม 1) | L12: =INDEX('เครื่องมือแพทย์ (956)'!$K:$K,MATCH(F12,'เครื่องมือแพทย์ (956)'!$B:$B,0)) -> งานการพยาบาลผู้ป่วยนอกและผู้ป่วยฉุกเฉิน | M12: ฟิล์ม
A13: =TEXT(C13, "mmm") -> ก.ย. | B13: =TEXT(C13,"[$-41E]dddd") -> พุธ | C13: 46267 | D13: 69-15463 | E13: แล้วเสร็จ | F13: MEDCMU-005628 | G13: =INDEX('เครื่องมือแพทย์ (956)'!$C:$C,MATCH(F13,'เครื่องมือแพทย์ (956)'!$B:$B,0)) -> Electrosurgical Unit | H13: =INDEX('เครื่องมือแพทย์ (956)'!$E:$E,MATCH(F13,'เครื่องมือแพทย์ (956)'!$B:$B,0)) -> Ellman | I13: =INDEX('เครื่องมือแพทย์ (956)'!$F:$F,MATCH(F13,'เครื่องมือแพทย์ (956)'!$B:$B,0)) -> Surgitron F.F.P.F. EMC | J13: =INDEX('เครื่องมือแพทย์ (956)'!$G:$G,MATCH(F13,'เครื่องมือแพทย์ (956)'!$B:$B,0)) -> 9130005990 | K13: =INDEX('เครื่องมือแพทย์ (956)'!$J:$J,MATCH(F13,'เครื่องมือแพทย์ (956)'!$B:$B,0)) -> ห้องตรวจเบอร์ 3 ( ห้องตรวจสูตินรีเวชกรรม) | L13: =INDEX('เครื่องมือแพทย์ (956)'!$K:$K,MATCH(F13,'เครื่องมือแพทย์ (956)'!$B:$B,0)) -> งานการพยาบาลผู้ป่วยนอกและผู้ป่วยฉุกเฉิน | M13: น้ำ
A14: =TEXT(C14, "mmm") -> ก.ย. | B14: =TEXT(C14,"[$-41E]dddd") -> พุธ | C14: 46267 | D14: 69-15510 | E14: แล้วเสร็จ | F14: MEDCMU-012119 | G14: =INDEX('เครื่องมือแพทย์ (956)'!$C:$C,MATCH(F14,'เครื่องมือแพทย์ (956)'!$B:$B,0)) -> Electrosurgical Unit | H14: =INDEX('เครื่องมือแพทย์ (956)'!$E:$E,MATCH(F14,'เครื่องมือแพทย์ (956)'!$B:$B,0)) -> Ellman | I14: =INDEX('เครื่องมือแพทย์ (956)'!$F:$F,MATCH(F14,'เครื่องมือแพทย์ (956)'!$B:$B,0)) -> Surgitron F.F.P.F. EMC | J14: =INDEX('เครื่องมือแพทย์ (956)'!$G:$G,MATCH(F14,'เครื่องมือแพทย์ (956)'!$B:$B,0)) -> 0006144 | K14: =INDEX('เครื่องมือแพทย์ (956)'!$J:$J,MATCH(F14,'เครื่องมือแพทย์ (956)'!$B:$B,0)) -> ห้องตรวจเบอร์ 26 (ห้องตรวจพิเศษอายุรกรรม 3) | L14: =INDEX('เครื่องมือแพทย์ (956)'!$K:$K,MATCH(F14,'เครื่องมือแพทย์ (956)'!$B:$B,0)) -> งานการพยาบาลผู้ป่วยนอกและผู้ป่วยฉุกเฉิน | M14: ฟิล์ม
A15: =TEXT(C15, "mmm") -> ก.ย. | B15: =TEXT(C15,"[$-41E]dddd") -> พุธ | C15: 46267 | D15: 69-15511 | E15: แล้วเสร็จ | F15: MEDCMU-012123 | G15: =INDEX('เครื่องมือแพทย์ (956)'!$C:$C,MATCH(F15,'เครื่องมือแพทย์ (956)'!$B:$B,0)) -> Pulse Oximeter | H15: =INDEX('เครื่องมือแพทย์ (956)'!$E:$E,MATCH(F15,'เครื่องมือแพทย์ (956)'!$B:$B,0)) -> Masimo | I15: =INDEX('เครื่องมือแพทย์ (956)'!$F:$F,MATCH(F15,'เครื่องมือแพทย์ (956)'!$B:$B,0)) -> Rad-5v | J15: =INDEX('เครื่องมือแพทย์ (956)'!$G:$G,MATCH(F15,'เครื่องมือแพทย์ (956)'!$B:$B,0)) -> N04027 | K15: =INDEX('เครื่องมือแพทย์ (956)'!$J:$J,MATCH(F15,'เครื่องมือแพทย์ (956)'!$B:$B,0)) -> ห้องตรวจเบอร์ 26 (ห้องตรวจพิเศษอายุรกรรม 3) | L15: =INDEX('เครื่องมือแพทย์ (956)'!$K:$K,MATCH(F15,'เครื่องมือแพทย์ (956)'!$B:$B,0)) -> งานการพยาบาลผู้ป่วยนอกและผู้ป่วยฉุกเฉิน | M15: ฟิล์ม
A16: =TEXT(C16, "mmm") -> ก.ย. | B16: =TEXT(C16,"[$-41E]dddd") -> พุธ | C16: 46267 | D16: 69-15512 | E16: แล้วเสร็จ | F16: MEDCMU-012132 | G16: =INDEX('เครื่องมือแพทย์ (956)'!$C:$C,MATCH(F16,'เครื่องมือแพทย์ (956)'!$B:$B,0)) -> Pulse Oximeter | H16: =INDEX('เครื่องมือแพทย์ (956)'!$E:$E,MATCH(F16,'เครื่องมือแพทย์ (956)'!$B:$B,0)) -> Bionics | I16: =INDEX('เครื่องมือแพทย์ (956)'!$F:$F,MATCH(F16,'เครื่องมือแพทย์ (956)'!$B:$B,0)) -> PalmCare Plus | J16: =INDEX('เครื่องมือแพทย์ (956)'!$G:$G,MATCH(F16,'เครื่องมือแพทย์ (956)'!$B:$B,0)) -> 161-RH5229 | K16: =INDEX('เครื่องมือแพทย์ (956)'!$J:$J,MATCH(F16,'เครื่องมือแพทย์ (956)'!$B:$B,0)) -> ห้องตรวจเบอร์ 26 (ห้องตรวจพิเศษอายุรกรรม 3) | L16: =INDEX('เครื่องมือแพทย์ (956)'!$K:$K,MATCH(F16,'เครื่องมือแพทย์ (956)'!$B:$B,0)) -> งานการพยาบาลผู้ป่วยนอกและผู้ป่วยฉุกเฉิน | M16: ฟิล์ม
A17: =TEXT(C17, "mmm") -> ก.ย. | B17: =TEXT(C17,"[$-41E]dddd") -> พุธ | C17: 46267 | D17: 69-15513 | E17: แล้วเสร็จ | F17: MEDCMU-020158 | G17: =INDEX('เครื่องมือแพทย์ (956)'!$C:$C,MATCH(F17,'เครื่องมือแพทย์ (956)'!$B:$B,0)) -> Vital Sign Monitors | H17: =INDEX('เครื่องมือแพทย์ (956)'!$E:$E,MATCH(F17,'เครื่องมือแพทย์ (956)'!$B:$B,0)) -> PHILIPS | I17: =INDEX('เครื่องมือแพทย์ (956)'!$F:$F,MATCH(F17,'เครื่องมือแพทย์ (956)'!$B:$B,0)) -> Early Vue VS30 | J17: =INDEX('เครื่องมือแพทย์ (956)'!$G:$G,MATCH(F17,'เครื่องมือแพทย์ (956)'!$B:$B,0)) -> DE75144935 | K17: =INDEX('เครื่องมือแพทย์ (956)'!$J:$J,MATCH(F17,'เครื่องมือแพทย์ (956)'!$B:$B,0)) -> ห้องตรวจเบอร์ 27 (ห้องตรวจพิเศษเด็ก 1) | L17: =INDEX('เครื่องมือแพทย์ (956)'!$K:$K,MATCH(F17,'เครื่องมือแพทย์ (956)'!$B:$B,0)) -> งานการพยาบาลผู้ป่วยนอกและผู้ป่วยฉุกเฉิน | M17: ฟิล์ม
A18: =TEXT(C18, "mmm") -> ก.ย. | B18: =TEXT(C18,"[$-41E]dddd") -> พุธ | C18: 46267 | D18: 69-15514 | E18: แล้วเสร็จ | F18: MEDCMU-010478 | G18: =INDEX('เครื่องมือแพทย์ (956)'!$C:$C,MATCH(F18,'เครื่องมือแพทย์ (956)'!$B:$B,0)) -> Pulse Oximeter | H18: =INDEX('เครื่องมือแพทย์ (956)'!$E:$E,MATCH(F18,'เครื่องมือแพทย์ (956)'!$B:$B,0)) -> Masimo | I18: =INDEX('เครื่องมือแพทย์ (956)'!$F:$F,MATCH(F18,'เครื่องมือแพทย์ (956)'!$B:$B,0)) -> Rad-5v | J18: =INDEX('เครื่องมือแพทย์ (956)'!$G:$G,MATCH(F18,'เครื่องมือแพทย์ (956)'!$B:$B,0)) -> N23600 | K18: =INDEX('เครื่องมือแพทย์ (956)'!$J:$J,MATCH(F18,'เครื่องมือแพทย์ (956)'!$B:$B,0)) -> ห้องตรวจเบอร์ 27 (ห้องตรวจพิเศษเด็ก 1) | L18: =INDEX('เครื่องมือแพทย์ (956)'!$K:$K,MATCH(F18,'เครื่องมือแพทย์ (956)'!$B:$B,0)) -> งานการพยาบาลผู้ป่วยนอกและผู้ป่วยฉุกเฉิน | M18: อั้ม
A19: =TEXT(C19, "mmm") -> ก.ย. | B19: =TEXT(C19,"[$-41E]dddd") -> พุธ | C19: 46267 | D19: 69-15515 | E19: แล้วเสร็จ | F19: MEDCMU-010477 | G19: =INDEX('เครื่องมือแพทย์ (956)'!$C:$C,MATCH(F19,'เครื่องมือแพทย์ (956)'!$B:$B,0)) -> Vital Sign Monitors | H19: =INDEX('เครื่องมือแพทย์ (956)'!$E:$E,MATCH(F19,'เครื่องมือแพทย์ (956)'!$B:$B,0)) -> Heal Force | I19: =INDEX('เครื่องมือแพทย์ (956)'!$F:$F,MATCH(F19,'เครื่องมือแพทย์ (956)'!$B:$B,0)) -> Classic-90 | J19: =INDEX('เครื่องมือแพทย์ (956)'!$G:$G,MATCH(F19,'เครื่องมือแพทย์ (956)'!$B:$B,0)) -> J2600PG00077 | K19: =INDEX('เครื่องมือแพทย์ (956)'!$J:$J,MATCH(F19,'เครื่องมือแพทย์ (956)'!$B:$B,0)) -> ห้องตรวจเบอร์ 27 (ห้องตรวจพิเศษเด็ก 1) | L19: =INDEX('เครื่องมือแพทย์ (956)'!$K:$K,MATCH(F19,'เครื่องมือแพทย์ (956)'!$B:$B,0)) -> งานการพยาบาลผู้ป่วยนอกและผู้ป่วยฉุกเฉิน | M19: อั้ม
... A49: =TEXT(C49, "mmm") -> ก.ย. | B49: =TEXT(C49,"[$-41E]dddd") -> พุธ | C49: 46267 | D49: 69-15553 | E49: แล้วเสร็จ | F49: MEDCMU-018977 | G49: =INDEX('เครื่องมือแพทย์ (956)'!$C:$C,MATCH(F49,'เครื่องมือแพทย์ (956)'!$B:$B,0)) -> Vital Sign Monitors | H49: =INDEX('เครื่องมือแพทย์ (956)'!$E:$E,MATCH(F49,'เครื่องมือแพทย์ (956)'!$B:$B,0)) -> Philips | I49: =INDEX('เครื่องมือแพทย์ (956)'!$F:$F,MATCH(F49,'เครื่องมือแพทย์ (956)'!$B:$B,0)) -> MX100 | J49: =INDEX('เครื่องมือแพทย์ (956)'!$G:$G,MATCH(F49,'เครื่องมือแพทย์ (956)'!$B:$B,0)) -> DE752M4953,KSA5351444 | K49: =INDEX('เครื่องมือแพทย์ (956)'!$J:$J,MATCH(F49,'เครื่องมือแพทย์ (956)'!$B:$B,0)) -> ฉุกเฉิน | L49: =INDEX('เครื่องมือแพทย์ (956)'!$K:$K,MATCH(F49,'เครื่องมือแพทย์ (956)'!$B:$B,0)) -> งานการพยาบาลผู้ป่วยนอกและผู้ป่วยฉุกเฉิน | M49: NH
A50: =TEXT(C50, "mmm") -> ก.ย. | B50: =TEXT(C50,"[$-41E]dddd") -> พุธ | C50: 46267 | D50: 69-15554 | E50: แล้วเสร็จ | F50: MEDCMU-020654 | G50: =INDEX('เครื่องมือแพทย์ (956)'!$C:$C,MATCH(F50,'เครื่องมือแพทย์ (956)'!$B:$B,0)) -> Electrocardiography | H50: =INDEX('เครื่องมือแพทย์ (956)'!$E:$E,MATCH(F50,'เครื่องมือแพทย์ (956)'!$B:$B,0)) -> Nihon Kohden | I50: =INDEX('เครื่องมือแพทย์ (956)'!$F:$F,MATCH(F50,'เครื่องมือแพทย์ (956)'!$B:$B,0)) -> ECG-3350 | J50: =INDEX('เครื่องมือแพทย์ (956)'!$G:$G,MATCH(F50,'เครื่องมือแพทย์ (956)'!$B:$B,0)) -> 0101204 | K50: =INDEX('เครื่องมือแพทย์ (956)'!$J:$J,MATCH(F50,'เครื่องมือแพทย์ (956)'!$B:$B,0)) -> หน่วยวิศวกรรมชีวการแพทย์ | L50: =INDEX('เครื่องมือแพทย์ (956)'!$K:$K,MATCH(F50,'เครื่องมือแพทย์ (956)'!$B:$B,0)) -> งานซ่อมบำรุง | M50: NH | N50: เครื่องอยู่ที่ ER
A51: =TEXT(C51, "mmm") -> ก.ย. | B51: =TEXT(C51,"[$-41E]dddd") -> พฤหัสบดี | C51: 46268 | D51: 69-15600 | E51: แล้วเสร็จ | F51: MEDCMU-002503 | G51: =INDEX('เครื่องมือแพทย์ (956)'!$C:$C,MATCH(F51,'เครื่องมือแพทย์ (956)'!$B:$B,0)) -> Vital Sign Monitors | H51: =INDEX('เครื่องมือแพทย์ (956)'!$E:$E,MATCH(F51,'เครื่องมือแพทย์ (956)'!$B:$B,0)) -> Edan | I51: =INDEX('เครื่องมือแพทย์ (956)'!$F:$F,MATCH(F51,'เครื่องมือแพทย์ (956)'!$B:$B,0)) -> M3A | J51: =INDEX('เครื่องมือแพทย์ (956)'!$G:$G,MATCH(F51,'เครื่องมือแพทย์ (956)'!$B:$B,0)) -> 261164-M17401090023-01 | K51: =INDEX('เครื่องมือแพทย์ (956)'!$J:$J,MATCH(F51,'เครื่องมือแพทย์ (956)'!$B:$B,0)) -> หอผู้ป่วยอายุรกรรมหญิง 2 | L51: =INDEX('เครื่องมือแพทย์ (956)'!$K:$K,MATCH(F51,'เครื่องมือแพทย์ (956)'!$B:$B,0)) -> งานการพยาบาลผู้ป่วยอายุรศาสตร์ | M51: ฝ้าย
A52: =TEXT(C52, "mmm") -> ก.ย. | B52: =TEXT(C52,"[$-41E]dddd") -> พฤหัสบดี | C52: 46268 | D52: 69-15597 | E52: แล้วเสร็จ | F52: MEDCMU-002504 | G52: =INDEX('เครื่องมือแพทย์ (956)'!$C:$C,MATCH(F52,'เครื่องมือแพทย์ (956)'!$B:$B,0)) -> Vital Sign Monitors | H52: =INDEX('เครื่องมือแพทย์ (956)'!$E:$E,MATCH(F52,'เครื่องมือแพทย์ (956)'!$B:$B,0)) -> Nihon Kohden | I52: =INDEX('เครื่องมือแพทย์ (956)'!$F:$F,MATCH(F52,'เครื่องมือแพทย์ (956)'!$B:$B,0)) -> SVM-7260 | J52: =INDEX('เครื่องมือแพทย์ (956)'!$G:$G,MATCH(F52,'เครื่องมือแพทย์ (956)'!$B:$B,0)) -> 00082 | K52: =INDEX('เครื่องมือแพทย์ (956)'!$J:$J,MATCH(F52,'เครื่องมือแพทย์ (956)'!$B:$B,0)) -> หอผู้ป่วยอายุรกรรมหญิง 2 | L52: =INDEX('เครื่องมือแพทย์ (956)'!$K:$K,MATCH(F52,'เครื่องมือแพทย์ (956)'!$B:$B,0)) -> งานการพยาบาลผู้ป่วยอายุรศาสตร์ | M52: ฝ้าย
A53: =TEXT(C53, "mmm") -> ก.ย. | B53: =TEXT(C53,"[$-41E]dddd") -> พฤหัสบดี | C53: 46268 | D53: 69-15598 | E53: แล้วเสร็จ | F53: MEDCMU-019460 | G53: =INDEX('เครื่องมือแพทย์ (956)'!$C:$C,MATCH(F53,'เครื่องมือแพทย์ (956)'!$B:$B,0)) -> Pulse Oximeter | H53: =INDEX('เครื่องมือแพทย์ (956)'!$E:$E,MATCH(F53,'เครื่องมือแพทย์ (956)'!$B:$B,0)) -> EDAN | I53: =INDEX('เครื่องมือแพทย์ (956)'!$F:$F,MATCH(F53,'เครื่องมือแพทย์ (956)'!$B:$B,0)) -> H100B | J53: =INDEX('เครื่องมือแพทย์ (956)'!$G:$G,MATCH(F53,'เครื่องมือแพทย์ (956)'!$B:$B,0)) -> 360101-M23507660016 | K53: =INDEX('เครื่องมือแพทย์ (956)'!$J:$J,MATCH(F53,'เครื่องมือแพทย์ (956)'!$B:$B,0)) -> หอผู้ป่วยอายุรกรรมหญิง 2 | L53: =INDEX('เครื่องมือแพทย์ (956)'!$K:$K,MATCH(F53,'เครื่องมือแพทย์ (956)'!$B:$B,0)) -> งานการพยาบาลผู้ป่วยอายุรศาสตร์ | M53: ฝ้าย
A54: =TEXT(C54, "mmm") -> ก.ย. | B54: =TEXT(C54,"[$-41E]dddd") -> พฤหัสบดี | C54: 46268 | D54: 69-15611 | E54: แล้วเสร็จ | F54: MEDCMU-018756 | G54: =INDEX('เครื่องมือแพทย์ (956)'!$C:$C,MATCH(F54,'เครื่องมือแพทย์ (956)'!$B:$B,0)) -> Vital Sign Monitors | H54: =INDEX('เครื่องมือแพทย์ (956)'!$E:$E,MATCH(F54,'เครื่องมือแพทย์ (956)'!$B:$B,0)) -> Creative Medical | I54: =INDEX('เครื่องมือแพทย์ (956)'!$F:$F,MATCH(F54,'เครื่องมือแพทย์ (956)'!$B:$B,0)) -> PC-900 | J54: =INDEX('เครื่องมือแพทย์ (956)'!$G:$G,MATCH(F54,'เครื่องมือแพทย์ (956)'!$B:$B,0)) -> J0100RJ03152 | K54: =INDEX('เครื่องมือแพทย์ (956)'!$J:$J,MATCH(F54,'เครื่องมือแพทย์ (956)'!$B:$B,0)) -> หอผู้ป่วยสังเกตอาการ | L54: =INDEX('เครื่องมือแพทย์ (956)'!$K:$K,MATCH(F54,'เครื่องมือแพทย์ (956)'!$B:$B,0)) -> งานการพยาบาลผู้ป่วยนอกและผู้ป่วยฉุกเฉิน | M54: น้ำ
A55: =TEXT(C55, "mmm") -> ก.ย. | B55: =TEXT(C55,"[$-41E]dddd") -> พฤหัสบดี | C55: 46268 | D55: 69-15596 | E55: แล้วเสร็จ | F55: MEDCMU-013855 | G55: =INDEX('เครื่องมือแพทย์ (956)'!$C:$C,MATCH(F55,'เครื่องมือแพทย์ (956)'!$B:$B,0)) -> Pulse Oximeter | H55: =INDEX('เครื่องมือแพทย์ (956)'!$E:$E,MATCH(F55,'เครื่องมือแพทย์ (956)'!$B:$B,0)) -> Masimo | I55: =INDEX('เครื่องมือแพทย์ (956)'!$F:$F,MATCH(F55,'เครื่องมือแพทย์ (956)'!$B:$B,0)) -> Rad-5v | J55: =INDEX('เครื่องมือแพทย์ (956)'!$G:$G,MATCH(F55,'เครื่องมือแพทย์ (956)'!$B:$B,0)) -> N23563 | K55: =INDEX('เครื่องมือแพทย์ (956)'!$J:$J,MATCH(F55,'เครื่องมือแพทย์ (956)'!$B:$B,0)) -> ห้องตรวจเบอร์ 1(ห้องตรวจศัลยกรรม 1) | L55: =INDEX('เครื่องมือแพทย์ (956)'!$K:$K,MATCH(F55,'เครื่องมือแพทย์ (956)'!$B:$B,0)) -> งานการพยาบาลผู้ป่วยนอกและผู้ป่วยฉุกเฉิน | M55: ฟิล์ม
A56: =TEXT(C56, "mmm") -> ก.ย. | B56: =TEXT(C56,"[$-41E]dddd") -> พฤหัสบดี | C56: 46268 | D56: 69-15609 | E56: แล้วเสร็จ | F56: MEDCMU-020162 | G56: =INDEX('เครื่องมือแพทย์ (956)'!$C:$C,MATCH(F56,'เครื่องมือแพทย์ (956)'!$B:$B,0)) -> Pulse Oximeter | H56: =INDEX('เครื่องมือแพทย์ (956)'!$E:$E,MATCH(F56,'เครื่องมือแพทย์ (956)'!$B:$B,0)) -> ChoiceMed | I56: =INDEX('เครื่องมือแพทย์ (956)'!$F:$F,MATCH(F56,'เครื่องมือแพทย์ (956)'!$B:$B,0)) -> MD300C29 | J56: =INDEX('เครื่องมือแพทย์ (956)'!$G:$G,MATCH(F56,'เครื่องมือแพทย์ (956)'!$B:$B,0)) -> 151312800774 | K56: =INDEX('เครื่องมือแพทย์ (956)'!$J:$J,MATCH(F56,'เครื่องมือแพทย์ (956)'!$B:$B,0)) -> งานทันตกรรม | L56: =INDEX('เครื่องมือแพทย์ (956)'!$K:$K,MATCH(F56,'เครื่องมือแพทย์ (956)'!$B:$B,0)) -> งานทันตกรรม | M56: ฟิล์ม
A57: =TEXT(C57, "mmm") -> ก.ย. | B57: =TEXT(C57,"[$-41E]dddd") -> พฤหัสบดี | C57: 46268 | D57: 69-15644 | E57: แล้วเสร็จ | F57: MEDCMU-010973 | G57: =INDEX('เครื่องมือแพทย์ (956)'!$C:$C,MATCH(F57,'เครื่องมือแพทย์ (956)'!$B:$B,0)) -> Electrosurgical Unit | H57: =INDEX('เครื่องมือแพทย์ (956)'!$E:$E,MATCH(F57,'เครื่องมือแพทย์ (956)'!$B:$B,0)) -> Cacteon | I57: =INDEX('เครื่องมือแพทย์ (956)'!$F:$F,MATCH(F57,'เครื่องมือแพทย์ (956)'!$B:$B,0)) -> Servotome | J57: =INDEX('เครื่องมือแพทย์ (956)'!$G:$G,MATCH(F57,'เครื่องมือแพทย์ (956)'!$B:$B,0)) -> 878717009 | K57: =INDEX('เครื่องมือแพทย์ (956)'!$J:$J,MATCH(F57,'เครื่องมือแพทย์ (956)'!$B:$B,0)) -> งานทันตกรรม | L57: =INDEX('เครื่องมือแพทย์ (956)'!$K:$K,MATCH(F57,'เครื่องมือแพทย์ (956)'!$B:$B,0)) -> งานทันตกรรม | M57: ฟิล์ม
A58: =TEXT(C58, "mmm") -> ก.ย. | B58: =TEXT(C58,"[$-41E]dddd") -> พฤหัสบดี | C58: 46268 | D58: 69-15640 | E58: แล้วเสร็จ | F58: MEDCMU-009178 | G58: =INDEX('เครื่องมือแพทย์ (956)'!$C:$C,MATCH(F58,'เครื่องมือแพทย์ (956)'!$B:$B,0)) -> Pulse Oximeter | H58: =INDEX('เครื่องมือแพทย์ (956)'!$E:$E,MATCH(F58,'เครื่องมือแพทย์ (956)'!$B:$B,0)) -> Mindray | I58: =INDEX('เครื่องมือแพทย์ (956)'!$F:$F,MATCH(F58,'เครื่องมือแพทย์ (956)'!$B:$B,0)) -> PM-60 | J58: =INDEX('เครื่องมือแพทย์ (956)'!$G:$G,MATCH(F58,'เครื่องมือแพทย์ (956)'!$B:$B,0)) -> CR-95204190 | K58: =INDEX('เครื่องมือแพทย์ (956)'!$J:$J,MATCH(F58,'เครื่องมือแพทย์ (956)'!$B:$B,0)) -> หอผู้ป่วยศัลยกรรมหญิง 3 | L58: =INDEX('เครื่องมือแพทย์ (956)'!$K:$K,MATCH(F58,'เครื่องมือแพทย์ (956)'!$B:$B,0)) -> งานการพยาบาลผู้ป่วยศัลยศาสตร์ | M58: น้ำ
A59: =TEXT(C59, "mmm") -> ก.ย. | B59: =TEXT(C59,"[$-41E]dddd") -> พฤหัสบดี | C59: 46268 | D59: 69-15604 | E59: แล้วเสร็จ | F59: MEDCMU-009198 | G59: =INDEX('เครื่องมือแพทย์ (956)'!$C:$C,MATCH(F59,'เครื่องมือแพทย์ (956)'!$B:$B,0)) -> Vital Sign Monitors | H59: =INDEX('เครื่องมือแพทย์ (956)'!$E:$E,MATCH(F59,'เครื่องมือแพทย์ (956)'!$B:$B,0)) -> Edan | I59: =INDEX('เครื่องมือแพทย์ (956)'!$F:$F,MATCH(F59,'เครื่องมือแพทย์ (956)'!$B:$B,0)) -> M3A | J59: =INDEX('เครื่องมือแพทย์ (956)'!$G:$G,MATCH(F59,'เครื่องมือแพทย์ (956)'!$B:$B,0)) -> 261064-M16C04630015-01 | K59: =INDEX('เครื่องมือแพทย์ (956)'!$J:$J,MATCH(F59,'เครื่องมือแพทย์ (956)'!$B:$B,0)) -> หอผู้ป่วยศัลยกรรมหญิง 3 | L59: =INDEX('เครื่องมือแพทย์ (956)'!$K:$K,MATCH(F59,'เครื่องมือแพทย์ (956)'!$B:$B,0)) -> งานการพยาบาลผู้ป่วยศัลยศาสตร์ | M59: น้ำ
A60: =TEXT(C60, "mmm") -> ก.ย. | B60: =TEXT(C60,"[$-41E]dddd") -> พฤหัสบดี | C60: 46268 | D60: 69-15639 | E60: แล้วเสร็จ | F60: MEDCMU-009199 | G60: =INDEX('เครื่องมือแพทย์ (956)'!$C:$C,MATCH(F60,'เครื่องมือแพทย์ (956)'!$B:$B,0)) -> Vital Sign Monitors | H60: =INDEX('เครื่องมือแพทย์ (956)'!$E:$E,MATCH(F60,'เครื่องมือแพทย์ (956)'!$B:$B,0)) -> Edan | I60: =INDEX('เครื่องมือแพทย์ (956)'!$F:$F,MATCH(F60,'เครื่องมือแพทย์ (956)'!$B:$B,0)) -> M3A | J60: =INDEX('เครื่องมือแพทย์ (956)'!$G:$G,MATCH(F60,'เครื่องมือแพทย์ (956)'!$B:$B,0)) -> 261164-M17401090029-01 | K60: =INDEX('เครื่องมือแพทย์ (956)'!$J:$J,MATCH(F60,'เครื่องมือแพทย์ (956)'!$B:$B,0)) -> หอผู้ป่วยศัลยกรรมหญิง 3 | L60: =INDEX('เครื่องมือแพทย์ (956)'!$K:$K,MATCH(F60,'เครื่องมือแพทย์ (956)'!$B:$B,0)) -> งานการพยาบาลผู้ป่วยศัลยศาสตร์ | M60: น้ำ
A61: =TEXT(C61, "mmm") -> ก.ย. | B61: =TEXT(C61,"[$-41E]dddd") -> พฤหัสบดี | C61: 46268 | D61: 69-15603 | E61: แล้วเสร็จ | F61: MEDCMU-010142 | G61: =INDEX('เครื่องมือแพทย์ (956)'!$C:$C,MATCH(F61,'เครื่องมือแพทย์ (956)'!$B:$B,0)) -> Pulse Oximeter | H61: =INDEX('เครื่องมือแพทย์ (956)'!$E:$E,MATCH(F61,'เครื่องมือแพทย์ (956)'!$B:$B,0)) -> Masimo | I61: =INDEX('เครื่องมือแพทย์ (956)'!$F:$F,MATCH(F61,'เครื่องมือแพทย์ (956)'!$B:$B,0)) -> Rad-5v | J61: =INDEX('เครื่องมือแพทย์ (956)'!$G:$G,MATCH(F61,'เครื่องมือแพทย์ (956)'!$B:$B,0)) -> N23592 | K61: =INDEX('เครื่องมือแพทย์ (956)'!$J:$J,MATCH(F61,'เครื่องมือแพทย์ (956)'!$B:$B,0)) -> ศูนย์สุขภาพมหาวิทยาลัยเชียงใหม่ | L61: =INDEX('เครื่องมือแพทย์ (956)'!$K:$K,MATCH(F61,'เครื่องมือแพทย์ (956)'!$B:$B,0)) -> งานการพยาบาลผู้ป่วยนอกและผู้ป่วยฉุกเฉิน | M61: ฟิล์ม
A62: =TEXT(C62, "mmm") -> ก.ย. | B62: =TEXT(C62,"[$-41E]dddd") -> พฤหัสบดี | C62: 46268 | D62: 69-15610 | E62: แล้วเสร็จ | F62: MEDCMU-010056 | G62: =INDEX('เครื่องมือแพทย์ (956)'!$C:$C,MATCH(F62,'เครื่องมือแพทย์ (956)'!$B:$B,0)) -> Pulse Oximeter | H62: =INDEX('เครื่องมือแพทย์ (956)'!$E:$E,MATCH(F62,'เครื่องมือแพทย์ (956)'!$B:$B,0)) -> Masimo | I62: =INDEX('เครื่องมือแพทย์ (956)'!$F:$F,MATCH(F62,'เครื่องมือแพทย์ (956)'!$B:$B,0)) -> Rad-5v | J62: =INDEX('เครื่องมือแพทย์ (956)'!$G:$G,MATCH(F62,'เครื่องมือแพทย์ (956)'!$B:$B,0)) -> N29730 | K62: =INDEX('เครื่องมือแพทย์ (956)'!$J:$J,MATCH(F62,'เครื่องมือแพทย์ (956)'!$B:$B,0)) -> ห้องตรวจเบอร์ 23 (ห้องตรวจพิเศษอายุรกรรม 3) | L62: =INDEX('เครื่องมือแพทย์ (956)'!$K:$K,MATCH(F62,'เครื่องมือแพทย์ (956)'!$B:$B,0)) -> งานการพยาบาลผู้ป่วยนอกและผู้ป่วยฉุกเฉิน | M62: ฟิล์ม
... A64: =TEXT(C64, "mmm") -> ก.ย. | B64: =TEXT(C64,"[$-41E]dddd") -> พฤหัสบดี | C64: 46268 | D64: 69-15606 | E64: แล้วเสร็จ | F64: MEDCMU-019529 | G64: =INDEX('เครื่องมือแพทย์ (956)'!$C:$C,MATCH(F64,'เครื่องมือแพทย์ (956)'!$B:$B,0)) -> Vital Sign Monitors | H64: =INDEX('เครื่องมือแพทย์ (956)'!$E:$E,MATCH(F64,'เครื่องมือแพทย์ (956)'!$B:$B,0)) -> Mindray | I64: =INDEX('เครื่องมือแพทย์ (956)'!$F:$F,MATCH(F64,'เครื่องมือแพทย์ (956)'!$B:$B,0)) -> VS-600 | J64: =INDEX('เครื่องมือแพทย์ (956)'!$G:$G,MATCH(F64,'เครื่องมือแพทย์ (956)'!$B:$B,0)) -> FU-32035196 | K64: =INDEX('เครื่องมือแพทย์ (956)'!$J:$J,MATCH(F64,'เครื่องมือแพทย์ (956)'!$B:$B,0)) -> ห้องตรวจเบอร์ 22 (ห้องตรวจอายุรกรรม 2) | L64: =INDEX('เครื่องมือแพทย์ (956)'!$K:$K,MATCH(F64,'เครื่องมือแพทย์ (956)'!$B:$B,0)) -> งานการพยาบาลผู้ป่วยนอกและผู้ป่วยฉุกเฉิน | M64: ฟิล์ม
A65: =TEXT(C65, "mmm") -> ก.ย. | B65: =TEXT(C65,"[$-41E]dddd") -> พฤหัสบดี | C65: 46268 | D65: 69-15612 | E65: แล้วเสร็จ | F65: MEDCMU-018396 | G65: =INDEX('เครื่องมือแพทย์ (956)'!$C:$C,MATCH(F65,'เครื่องมือแพทย์ (956)'!$B:$B,0)) -> Pulse Oximeter | H65: =INDEX('เครื่องมือแพทย์ (956)'!$E:$E,MATCH(F65,'เครื่องมือแพทย์ (956)'!$B:$B,0)) -> Bionics | I65: =INDEX('เครื่องมือแพทย์ (956)'!$F:$F,MATCH(F65,'เครื่องมือแพทย์ (956)'!$B:$B,0)) -> PalmCare plus | J65: =INDEX('เครื่องมือแพทย์ (956)'!$G:$G,MATCH(F65,'เครื่องมือแพทย์ (956)'!$B:$B,0)) -> 161-RH5231 | K65: =INDEX('เครื่องมือแพทย์ (956)'!$J:$J,MATCH(F65,'เครื่องมือแพทย์ (956)'!$B:$B,0)) -> OPD โรคจอตาและวุ้นตา | L65: =INDEX('เครื่องมือแพทย์ (956)'!$K:$K,MATCH(F65,'เครื่องมือแพทย์ (956)'!$B:$B,0)) -> ภาควิชาจักษุวิทยา | M65: ฟิล์ม | N65: 35903 คุณจสิยา
A66: =TEXT(C66, "mmm") -> ก.ย. | B66: =TEXT(C66,"[$-41E]dddd") -> พฤหัสบดี | C66: 46268 | D66: 69-15595 | E66: แล้วเสร็จ | F66: MEDCMU-000388 | G66: =INDEX('เครื่องมือแพทย์ (956)'!$C:$C,MATCH(F66,'เครื่องมือแพทย์ (956)'!$B:$B,0)) -> Vital Sign Monitors | H66: =INDEX('เครื่องมือแพทย์ (956)'!$E:$E,MATCH(F66,'เครื่องมือแพทย์ (956)'!$B:$B,0)) -> Edan | I66: =INDEX('เครื่องมือแพทย์ (956)'!$F:$F,MATCH(F66,'เครื่องมือแพทย์ (956)'!$B:$B,0)) -> iM20 | J66: =INDEX('เครื่องมือแพทย์ (956)'!$G:$G,MATCH(F66,'เครื่องมือแพทย์ (956)'!$B:$B,0)) -> 260374-M19205210002 | K66: =INDEX('เครื่องมือแพทย์ (956)'!$J:$J,MATCH(F66,'เครื่องมือแพทย์ (956)'!$B:$B,0)) -> หน่วยตรวจสวนหัวใจและหลอดเลือด | L66: =INDEX('เครื่องมือแพทย์ (956)'!$K:$K,MATCH(F66,'เครื่องมือแพทย์ (956)'!$B:$B,0)) -> งานการพยาบาลผู้ป่วยอายุรศาสตร์ | M66: ฟิล์ม
A67: =TEXT(C67, "mmm") -> ก.ย. | B67: =TEXT(C67,"[$-41E]dddd") -> พฤหัสบดี | C67: 46268 | D67: 69-15599 | E67: แล้วเสร็จ | F67: MEDCMU-000406 | G67: =INDEX('เครื่องมือแพทย์ (956)'!$C:$C,MATCH(F67,'เครื่องมือแพทย์ (956)'!$B:$B,0)) -> Vital Sign Monitors | H67: =INDEX('เครื่องมือแพทย์ (956)'!$E:$E,MATCH(F67,'เครื่องมือแพทย์ (956)'!$B:$B,0)) -> Philips | I67: =INDEX('เครื่องมือแพทย์ (956)'!$F:$F,MATCH(F67,'เครื่องมือแพทย์ (956)'!$B:$B,0)) -> SureSigns VM4 | J67: =INDEX('เครื่องมือแพทย์ (956)'!$G:$G,MATCH(F67,'เครื่องมือแพทย์ (956)'!$B:$B,0)) -> US90328532 | K67: =INDEX('เครื่องมือแพทย์ (956)'!$J:$J,MATCH(F67,'เครื่องมือแพทย์ (956)'!$B:$B,0)) -> หน่วยตรวจสวนหัวใจและหลอดเลือด | L67: =INDEX('เครื่องมือแพทย์ (956)'!$K:$K,MATCH(F67,'เครื่องมือแพทย์ (956)'!$B:$B,0)) -> งานการพยาบาลผู้ป่วยอายุรศาสตร์ | M67: ฟิล์ม
A68: =TEXT(C68, "mmm") -> ก.ย. | B68: =TEXT(C68,"[$-41E]dddd") -> พฤหัสบดี | C68: 46268 | D68: 69-15667 | E68: แล้วเสร็จ | F68: MEDCMU-000403 | G68: =INDEX('เครื่องมือแพทย์ (956)'!$C:$C,MATCH(F68,'เครื่องมือแพทย์ (956)'!$B:$B,0)) -> Electrosurgical Unit | H68: =INDEX('เครื่องมือแพทย์ (956)'!$E:$E,MATCH(F68,'เครื่องมือแพทย์ (956)'!$B:$B,0)) -> Erbe | I68: =INDEX('เครื่องมือแพทย์ (956)'!$F:$F,MATCH(F68,'เครื่องมือแพทย์ (956)'!$B:$B,0)) -> Vio 100 C | J68: =INDEX('เครื่องมือแพทย์ (956)'!$G:$G,MATCH(F68,'เครื่องมือแพทย์ (956)'!$B:$B,0)) -> 11309574 | K68: =INDEX('เครื่องมือแพทย์ (956)'!$J:$J,MATCH(F68,'เครื่องมือแพทย์ (956)'!$B:$B,0)) -> หน่วยตรวจสวนหัวใจและหลอดเลือด | L68: =INDEX('เครื่องมือแพทย์ (956)'!$K:$K,MATCH(F68,'เครื่องมือแพทย์ (956)'!$B:$B,0)) -> งานการพยาบาลผู้ป่วยอายุรศาสตร์ | M68: ฟิล์ม
A69: =TEXT(C69, "mmm") -> ก.ย. | B69: =TEXT(C69,"[$-41E]dddd") -> พฤหัสบดี | C69: 46268 | D69: 69-15642 | E69: แล้วเสร็จ | F69: MEDCMU-010278 | G69: =INDEX('เครื่องมือแพทย์ (956)'!$C:$C,MATCH(F69,'เครื่องมือแพทย์ (956)'!$B:$B,0)) -> Vital Sign Monitors | H69: =INDEX('เครื่องมือแพทย์ (956)'!$E:$E,MATCH(F69,'เครื่องมือแพทย์ (956)'!$B:$B,0)) -> Philips | I69: =INDEX('เครื่องมือแพทย์ (956)'!$F:$F,MATCH(F69,'เครื่องมือแพทย์ (956)'!$B:$B,0)) -> IntelliVue MP50 | J69: =INDEX('เครื่องมือแพทย์ (956)'!$G:$G,MATCH(F69,'เครื่องมือแพทย์ (956)'!$B:$B,0)) -> DE862116 | K69: =INDEX('เครื่องมือแพทย์ (956)'!$J:$J,MATCH(F69,'เครื่องมือแพทย์ (956)'!$B:$B,0)) -> หอผู้ป่วยหนักกุมารเวชกรรม | L69: =INDEX('เครื่องมือแพทย์ (956)'!$K:$K,MATCH(F69,'เครื่องมือแพทย์ (956)'!$B:$B,0)) -> งานการพยาบาลผู้ป่วยกุมารเวชศาสตร์ | M69: ฟิล์ม | N69: ENT2 เป็นคนส่ง
A70: =TEXT(C70, "mmm") -> ก.ย. | B70: =TEXT(C70,"[$-41E]dddd") -> พฤหัสบดี | C70: 46268 | D70: 69-15607 | E70: แล้วเสร็จ | F70: MEDCMU-002455 | G70: =INDEX('เครื่องมือแพทย์ (956)'!$C:$C,MATCH(F70,'เครื่องมือแพทย์ (956)'!$B:$B,0)) -> Vital Sign Monitors | H70: =INDEX('เครื่องมือแพทย์ (956)'!$E:$E,MATCH(F70,'เครื่องมือแพทย์ (956)'!$B:$B,0)) -> Philips | I70: =INDEX('เครื่องมือแพทย์ (956)'!$F:$F,MATCH(F70,'เครื่องมือแพทย์ (956)'!$B:$B,0)) -> Efficia CM10 | J70: =INDEX('เครื่องมือแพทย์ (956)'!$G:$G,MATCH(F70,'เครื่องมือแพทย์ (956)'!$B:$B,0)) -> CN92383267 | K70: =INDEX('เครื่องมือแพทย์ (956)'!$J:$J,MATCH(F70,'เครื่องมือแพทย์ (956)'!$B:$B,0)) -> หอผู้ป่วยอายุรกรรมชาย 3 | L70: =INDEX('เครื่องมือแพทย์ (956)'!$K:$K,MATCH(F70,'เครื่องมือแพทย์ (956)'!$B:$B,0)) -> งานการพยาบาลผู้ป่วยอายุรศาสตร์ | M70: น้ำ
A71: =TEXT(C71, "mmm") -> ก.ย. | B71: =TEXT(C71,"[$-41E]dddd") -> พฤหัสบดี | C71: 46268 | D71: 69-15663 | E71: แล้วเสร็จ | F71: MEDCMU-010305 | G71: =INDEX('เครื่องมือแพทย์ (956)'!$C:$C,MATCH(F71,'เครื่องมือแพทย์ (956)'!$B:$B,0)) -> Electrosurgical Unit | H71: =INDEX('เครื่องมือแพทย์ (956)'!$E:$E,MATCH(F71,'เครื่องมือแพทย์ (956)'!$B:$B,0)) -> Alsa | I71: =INDEX('เครื่องมือแพทย์ (956)'!$F:$F,MATCH(F71,'เครื่องมือแพทย์ (956)'!$B:$B,0)) -> Excel NHP/T | J71: =INDEX('เครื่องมือแพทย์ (956)'!$G:$G,MATCH(F71,'เครื่องมือแพทย์ (956)'!$B:$B,0)) -> 2104S-09/18 | K71: =INDEX('เครื่องมือแพทย์ (956)'!$J:$J,MATCH(F71,'เครื่องมือแพทย์ (956)'!$B:$B,0)) -> ห้องตรวจศัลยกรรม เบอร์ 101 (ห้องตรวจศัลยกรรมทั่วไป) | L71: =INDEX('เครื่องมือแพทย์ (956)'!$K:$K,MATCH(F71,'เครื่องมือแพทย์ (956)'!$B:$B,0)) -> งานการพยาบาลผู้ป่วยนอกและผู้ป่วยฉุกเฉิน | M71: น้ำ
A72: =TEXT(C72, "mmm") -> ก.ย. | B72: =TEXT(C72,"[$-41E]dddd") -> พฤหัสบดี | C72: 46268 | D72: 69-15643 | E72: แล้วเสร็จ | F72: MEDCMU-010312 | G72: =INDEX('เครื่องมือแพทย์ (956)'!$C:$C,MATCH(F72,'เครื่องมือแพทย์ (956)'!$B:$B,0)) -> Pulse Oximeter | H72: =INDEX('เครื่องมือแพทย์ (956)'!$E:$E,MATCH(F72,'เครื่องมือแพทย์ (956)'!$B:$B,0)) -> Masimo | I72: =INDEX('เครื่องมือแพทย์ (956)'!$F:$F,MATCH(F72,'เครื่องมือแพทย์ (956)'!$B:$B,0)) -> Rad-5v | J72: =INDEX('เครื่องมือแพทย์ (956)'!$G:$G,MATCH(F72,'เครื่องมือแพทย์ (956)'!$B:$B,0)) -> N29716 | K72: =INDEX('เครื่องมือแพทย์ (956)'!$J:$J,MATCH(F72,'เครื่องมือแพทย์ (956)'!$B:$B,0)) -> ห้องตรวจศัลยกรรม เบอร์ 101 (ห้องตรวจศัลยกรรมทั่วไป) | L72: =INDEX('เครื่องมือแพทย์ (956)'!$K:$K,MATCH(F72,'เครื่องมือแพทย์ (956)'!$B:$B,0)) -> งานการพยาบาลผู้ป่วยนอกและผู้ป่วยฉุกเฉิน | M72: น้ำ
A73: =TEXT(C73, "mmm") -> ก.ย. | B73: =TEXT(C73,"[$-41E]dddd") -> พฤหัสบดี | C73: 46268 | D73: 69-15601 | E73: แล้วเสร็จ | F73: MEDCMU-021637 | G73: =INDEX('เครื่องมือแพทย์ (956)'!$C:$C,MATCH(F73,'เครื่องมือแพทย์ (956)'!$B:$B,0)) -> Vital Sign Monitors | H73: =INDEX('เครื่องมือแพทย์ (956)'!$E:$E,MATCH(F73,'เครื่องมือแพทย์ (956)'!$B:$B,0)) -> Nihon Kohden | I73: =INDEX('เครื่องมือแพทย์ (956)'!$F:$F,MATCH(F73,'เครื่องมือแพทย์ (956)'!$B:$B,0)) -> SVM-7601K | J73: =INDEX('เครื่องมือแพทย์ (956)'!$G:$G,MATCH(F73,'เครื่องมือแพทย์ (956)'!$B:$B,0)) -> 0018181 | K73: =INDEX('เครื่องมือแพทย์ (956)'!$J:$J,MATCH(F73,'เครื่องมือแพทย์ (956)'!$B:$B,0)) -> หอผู้ป่วยสูติกรรม | L73: =INDEX('เครื่องมือแพทย์ (956)'!$K:$K,MATCH(F73,'เครื่องมือแพทย์ (956)'!$B:$B,0)) -> งานการพยาบาลผู้ป่วยสูติศาสตร์และนรีเวชวิทยา | M73: อั้ม
A74: =TEXT(C74, "mmm") -> ก.ย. | B74: =TEXT(C74,"[$-41E]dddd") -> พฤหัสบดี | C74: 46268 | D74: 69-15680 | E74: แล้วเสร็จ | F74: MEDCMU-003314 | G74: =INDEX('เครื่องมือแพทย์ (956)'!$C:$C,MATCH(F74,'เครื่องมือแพทย์ (956)'!$B:$B,0)) -> Vital Sign Monitors | H74: =INDEX('เครื่องมือแพทย์ (956)'!$E:$E,MATCH(F74,'เครื่องมือแพทย์ (956)'!$B:$B,0)) -> Philips | I74: =INDEX('เครื่องมือแพทย์ (956)'!$F:$F,MATCH(F74,'เครื่องมือแพทย์ (956)'!$B:$B,0)) -> SureSigns VM4 | J74: =INDEX('เครื่องมือแพทย์ (956)'!$G:$G,MATCH(F74,'เครื่องมือแพทย์ (956)'!$B:$B,0)) -> US94344544 | K74: =INDEX('เครื่องมือแพทย์ (956)'!$J:$J,MATCH(F74,'เครื่องมือแพทย์ (956)'!$B:$B,0)) -> หอผู้ป่วยพิเศษบุญสม 8 | L74: =INDEX('เครื่องมือแพทย์ (956)'!$K:$K,MATCH(F74,'เครื่องมือแพทย์ (956)'!$B:$B,0)) -> งานการพยาบาลผู้ป่วยพิเศษเฉพาะทาง | M74: น้ำ
A75: =TEXT(C75, "mmm") -> ก.ย. | B75: =TEXT(C75,"[$-41E]dddd") -> พฤหัสบดี | C75: 46268 | D75: 69-15681 | E75: แล้วเสร็จ | F75: MEDCMU-003316 | G75: =INDEX('เครื่องมือแพทย์ (956)'!$C:$C,MATCH(F75,'เครื่องมือแพทย์ (956)'!$B:$B,0)) -> Vital Sign Monitors | H75: =INDEX('เครื่องมือแพทย์ (956)'!$E:$E,MATCH(F75,'เครื่องมือแพทย์ (956)'!$B:$B,0)) -> Philips | I75: =INDEX('เครื่องมือแพทย์ (956)'!$F:$F,MATCH(F75,'เครื่องมือแพทย์ (956)'!$B:$B,0)) -> SureSigns VM4 | J75: =INDEX('เครื่องมือแพทย์ (956)'!$G:$G,MATCH(F75,'เครื่องมือแพทย์ (956)'!$B:$B,0)) -> US94339203 | K75: =INDEX('เครื่องมือแพทย์ (956)'!$J:$J,MATCH(F75,'เครื่องมือแพทย์ (956)'!$B:$B,0)) -> หอผู้ป่วยพิเศษบุญสม 8 | L75: =INDEX('เครื่องมือแพทย์ (956)'!$K:$K,MATCH(F75,'เครื่องมือแพทย์ (956)'!$B:$B,0)) -> งานการพยาบาลผู้ป่วยพิเศษเฉพาะทาง | M75: น้ำ
A76: =TEXT(C76, "mmm") -> ก.ย. | B76: =TEXT(C76,"[$-41E]dddd") -> พฤหัสบดี | C76: 46268 | D76: 69-15682 | E76: แล้วเสร็จ | F76: MEDCMU-003354 | G76: =INDEX('เครื่องมือแพทย์ (956)'!$C:$C,MATCH(F76,'เครื่องมือแพทย์ (956)'!$B:$B,0)) -> Pulse Oximeter | H76: =INDEX('เครื่องมือแพทย์ (956)'!$E:$E,MATCH(F76,'เครื่องมือแพทย์ (956)'!$B:$B,0)) -> Edan | I76: =INDEX('เครื่องมือแพทย์ (956)'!$F:$F,MATCH(F76,'เครื่องมือแพทย์ (956)'!$B:$B,0)) -> H100B | J76: =INDEX('เครื่องมือแพทย์ (956)'!$G:$G,MATCH(F76,'เครื่องมือแพทย์ (956)'!$B:$B,0)) -> 360101-M19810570004 | K76: =INDEX('เครื่องมือแพทย์ (956)'!$J:$J,MATCH(F76,'เครื่องมือแพทย์ (956)'!$B:$B,0)) -> หอผู้ป่วยพิเศษบุญสม 8 | L76: =INDEX('เครื่องมือแพทย์ (956)'!$K:$K,MATCH(F76,'เครื่องมือแพทย์ (956)'!$B:$B,0)) -> งานการพยาบาลผู้ป่วยพิเศษเฉพาะทาง | M76: น้ำ
A77: =TEXT(C77, "mmm") -> ก.ย. | B77: =TEXT(C77,"[$-41E]dddd") -> พฤหัสบดี | C77: 46268 | D77: 69-15683 | E77: แล้วเสร็จ | F77: MEDCMU-019860 | G77: =INDEX('เครื่องมือแพทย์ (956)'!$C:$C,MATCH(F77,'เครื่องมือแพทย์ (956)'!$B:$B,0)) -> Pulse Oximeter | H77: =INDEX('เครื่องมือแพทย์ (956)'!$E:$E,MATCH(F77,'เครื่องมือแพทย์ (956)'!$B:$B,0)) -> EDAN | I77: =INDEX('เครื่องมือแพทย์ (956)'!$F:$F,MATCH(F77,'เครื่องมือแพทย์ (956)'!$B:$B,0)) -> H100B | J77: =INDEX('เครื่องมือแพทย์ (956)'!$G:$G,MATCH(F77,'เครื่องมือแพทย์ (956)'!$B:$B,0)) -> 360101-M23C17930003 | K77: =INDEX('เครื่องมือแพทย์ (956)'!$J:$J,MATCH(F77,'เครื่องมือแพทย์ (956)'!$B:$B,0)) -> หอผู้ป่วยพิเศษบุญสม 8 | L77: =INDEX('เครื่องมือแพทย์ (956)'!$K:$K,MATCH(F77,'เครื่องมือแพทย์ (956)'!$B:$B,0)) -> งานการพยาบาลผู้ป่วยพิเศษเฉพาะทาง | M77: น้ำ
A78: =TEXT(C78, "mmm") -> ก.ย. | B78: =TEXT(C78,"[$-41E]dddd") -> พฤหัสบดี | C78: 46268 | D78: 69-15675 | E78: แล้วเสร็จ | F78: MEDCMU-000022 | G78: =INDEX('เครื่องมือแพทย์ (956)'!$C:$C,MATCH(F78,'เครื่องมือแพทย์ (956)'!$B:$B,0)) -> Vital Sign Monitors | H78: =INDEX('เครื่องมือแพทย์ (956)'!$E:$E,MATCH(F78,'เครื่องมือแพทย์ (956)'!$B:$B,0)) -> Philips | I78: =INDEX('เครื่องมือแพทย์ (956)'!$F:$F,MATCH(F78,'เครื่องมือแพทย์ (956)'!$B:$B,0)) -> Efficia CM10 | J78: =INDEX('เครื่องมือแพทย์ (956)'!$G:$G,MATCH(F78,'เครื่องมือแพทย์ (956)'!$B:$B,0)) -> CN62637717 | K78: =INDEX('เครื่องมือแพทย์ (956)'!$J:$J,MATCH(F78,'เครื่องมือแพทย์ (956)'!$B:$B,0)) -> หอผู้ป่วยปลูกถ่ายไขกระดูกและให้เคมีบำบัดขนาดสูง | L78: =INDEX('เครื่องมือแพทย์ (956)'!$K:$K,MATCH(F78,'เครื่องมือแพทย์ (956)'!$B:$B,0)) -> งานการพยาบาลผู้ป่วยอายุรศาสตร์ | M78: ฟิล์ม
A79: =TEXT(C79, "mmm") -> ก.ย. | B79: =TEXT(C79,"[$-41E]dddd") -> พฤหัสบดี | C79: 46268 | D79: 69-15684 | E79: แล้วเสร็จ | F79: MEDCMU-000040 | G79: =INDEX('เครื่องมือแพทย์ (956)'!$C:$C,MATCH(F79,'เครื่องมือแพทย์ (956)'!$B:$B,0)) -> Electrocardiography | H79: =INDEX('เครื่องมือแพทย์ (956)'!$E:$E,MATCH(F79,'เครื่องมือแพทย์ (956)'!$B:$B,0)) -> Philips | I79: =INDEX('เครื่องมือแพทย์ (956)'!$F:$F,MATCH(F79,'เครื่องมือแพทย์ (956)'!$B:$B,0)) -> PageWriter TC10 | J79: =INDEX('เครื่องมือแพทย์ (956)'!$G:$G,MATCH(F79,'เครื่องมือแพทย์ (956)'!$B:$B,0)) -> CNN1810996 | K79: =INDEX('เครื่องมือแพทย์ (956)'!$J:$J,MATCH(F79,'เครื่องมือแพทย์ (956)'!$B:$B,0)) -> หอผู้ป่วยปลูกถ่ายไขกระดูกและให้เคมีบำบัดขนาดสูง | L79: =INDEX('เครื่องมือแพทย์ (956)'!$K:$K,MATCH(F79,'เครื่องมือแพทย์ (956)'!$B:$B,0)) -> งานการพยาบาลผู้ป่วยอายุรศาสตร์ | M79: ฟิล์ม
A80: =TEXT(C80, "mmm") -> ก.ย. | B80: =TEXT(C80,"[$-41E]dddd") -> พฤหัสบดี | C80: 46268 | D80: 69-15685 | E80: แล้วเสร็จ | F80: MEDCMU-000055 | G80: =INDEX('เครื่องมือแพทย์ (956)'!$C:$C,MATCH(F80,'เครื่องมือแพทย์ (956)'!$B:$B,0)) -> Vital Sign Monitors | H80: =INDEX('เครื่องมือแพทย์ (956)'!$E:$E,MATCH(F80,'เครื่องมือแพทย์ (956)'!$B:$B,0)) -> Bionet | I80: =INDEX('เครื่องมือแพทย์ (956)'!$F:$F,MATCH(F80,'เครื่องมือแพทย์ (956)'!$B:$B,0)) -> BM5 | J80: =INDEX('เครื่องมือแพทย์ (956)'!$G:$G,MATCH(F80,'เครื่องมือแพทย์ (956)'!$B:$B,0)) -> D8O040021 | K80: =INDEX('เครื่องมือแพทย์ (956)'!$J:$J,MATCH(F80,'เครื่องมือแพทย์ (956)'!$B:$B,0)) -> หอผู้ป่วยปลูกถ่ายไขกระดูกและให้เคมีบำบัดขนาดสูง | L80: =INDEX('เครื่องมือแพทย์ (956)'!$K:$K,MATCH(F80,'เครื่องมือแพทย์ (956)'!$B:$B,0)) -> งานการพยาบาลผู้ป่วยอายุรศาสตร์ | M80: ฟิล์ม
A81: =TEXT(C81, "mmm") -> ก.ย. | B81: =TEXT(C81,"[$-41E]dddd") -> พฤหัสบดี | C81: 46268 | D81: 69-15686 | E81: แล้วเสร็จ | F81: MEDCMU-000057 | G81: =INDEX('เครื่องมือแพทย์ (956)'!$C:$C,MATCH(F81,'เครื่องมือแพทย์ (956)'!$B:$B,0)) -> Vital Sign Monitors | H81: =INDEX('เครื่องมือแพทย์ (956)'!$E:$E,MATCH(F81,'เครื่องมือแพทย์ (956)'!$B:$B,0)) -> Philips | I81: =INDEX('เครื่องมือแพทย์ (956)'!$F:$F,MATCH(F81,'เครื่องมือแพทย์ (956)'!$B:$B,0)) -> Efficia CM10 | J81: =INDEX('เครื่องมือแพทย์ (956)'!$G:$G,MATCH(F81,'เครื่องมือแพทย์ (956)'!$B:$B,0)) -> CN62635735 | K81: =INDEX('เครื่องมือแพทย์ (956)'!$J:$J,MATCH(F81,'เครื่องมือแพทย์ (956)'!$B:$B,0)) -> หอผู้ป่วยปลูกถ่ายไขกระดูกและให้เคมีบำบัดขนาดสูง | L81: =INDEX('เครื่องมือแพทย์ (956)'!$K:$K,MATCH(F81,'เครื่องมือแพทย์ (956)'!$B:$B,0)) -> งานการพยาบาลผู้ป่วยอายุรศาสตร์ | M81: ฟิล์ม
... A100: =TEXT(C100, "mmm") -> ก.ย. | B100: =TEXT(C100,"[$-41E]dddd") -> ศุกร์ | C100: 46269 | D100: 69-15837 | E100: แล้วเสร็จ | F100: MEDCMU-002506 | G100: =INDEX('เครื่องมือแพทย์ (956)'!$C:$C,MATCH(F100,'เครื่องมือแพทย์ (956)'!$B:$B,0)) -> Vital Sign Monitors | H100: =INDEX('เครื่องมือแพทย์ (956)'!$E:$E,MATCH(F100,'เครื่องมือแพทย์ (956)'!$B:$B,0)) -> Infinium Medical | I100: =INDEX('เครื่องมือแพทย์ (956)'!$F:$F,MATCH(F100,'เครื่องมือแพทย์ (956)'!$B:$B,0)) -> Omni | J100: =INDEX('เครื่องมือแพทย์ (956)'!$G:$G,MATCH(F100,'เครื่องมือแพทย์ (956)'!$B:$B,0)) -> G35AAIK-098 | K100: =INDEX('เครื่องมือแพทย์ (956)'!$J:$J,MATCH(F100,'เครื่องมือแพทย์ (956)'!$B:$B,0)) -> หอผู้ป่วยอายุรกรรมหญิง 2 | L100: =INDEX('เครื่องมือแพทย์ (956)'!$K:$K,MATCH(F100,'เครื่องมือแพทย์ (956)'!$B:$B,0)) -> งานการพยาบาลผู้ป่วยอายุรศาสตร์ | M100: ฝ้าย
A101: =TEXT(C101, "mmm") -> ก.ย. | B101: =TEXT(C101,"[$-41E]dddd") -> ศุกร์ | C101: 46269 | D101: 69-15741 | E101: แล้วเสร็จ | F101: MEDCMU-010928 | G101: =INDEX('เครื่องมือแพทย์ (956)'!$C:$C,MATCH(F101,'เครื่องมือแพทย์ (956)'!$B:$B,0)) -> Drop tone,Doppler | H101: =INDEX('เครื่องมือแพทย์ (956)'!$E:$E,MATCH(F101,'เครื่องมือแพทย์ (956)'!$B:$B,0)) -> TOITU | I101: =INDEX('เครื่องมือแพทย์ (956)'!$F:$F,MATCH(F101,'เครื่องมือแพทย์ (956)'!$B:$B,0)) -> FD-390 | J101: =INDEX('เครื่องมือแพทย์ (956)'!$G:$G,MATCH(F101,'เครื่องมือแพทย์ (956)'!$B:$B,0)) -> 8817001 | K101: =INDEX('เครื่องมือแพทย์ (956)'!$J:$J,MATCH(F101,'เครื่องมือแพทย์ (956)'!$B:$B,0)) -> ห้องตรวจเบอร์ 4 (ห้องตรวจสูตินรีเวชกรรม) | L101: =INDEX('เครื่องมือแพทย์ (956)'!$K:$K,MATCH(F101,'เครื่องมือแพทย์ (956)'!$B:$B,0)) -> งานการพยาบาลผู้ป่วยนอกและผู้ป่วยฉุกเฉิน | M101: ฝ้าย | N101: ขอส่งช่วงบ่าย หมอใช้งานอยู่
A102: =TEXT(C102, "mmm") -> ก.ย. | B102: =TEXT(C102,"[$-41E]dddd") -> ศุกร์ | C102: 46269 | D102: 69-15745 | E102: แล้วเสร็จ | F102: MEDCMU-010930 | G102: =INDEX('เครื่องมือแพทย์ (956)'!$C:$C,MATCH(F102,'เครื่องมือแพทย์ (956)'!$B:$B,0)) -> Drop tone,Doppler | H102: =INDEX('เครื่องมือแพทย์ (956)'!$E:$E,MATCH(F102,'เครื่องมือแพทย์ (956)'!$B:$B,0)) -> TOITU | I102: =INDEX('เครื่องมือแพทย์ (956)'!$F:$F,MATCH(F102,'เครื่องมือแพทย์ (956)'!$B:$B,0)) -> FD-390 | J102: =INDEX('เครื่องมือแพทย์ (956)'!$G:$G,MATCH(F102,'เครื่องมือแพทย์ (956)'!$B:$B,0)) -> 9015W92 | K102: =INDEX('เครื่องมือแพทย์ (956)'!$J:$J,MATCH(F102,'เครื่องมือแพทย์ (956)'!$B:$B,0)) -> ห้องตรวจเบอร์ 4 (ห้องตรวจสูตินรีเวชกรรม) | L102: =INDEX('เครื่องมือแพทย์ (956)'!$K:$K,MATCH(F102,'เครื่องมือแพทย์ (956)'!$B:$B,0)) -> งานการพยาบาลผู้ป่วยนอกและผู้ป่วยฉุกเฉิน | M102: ฝ้าย
A103: =TEXT(C103, "mmm") -> ก.ย. | B103: =TEXT(C103,"[$-41E]dddd") -> ศุกร์ | C103: 46269 | D103: 69-15747 | E103: แล้วเสร็จ | F103: MEDCMU-020858 | G103: =INDEX('เครื่องมือแพทย์ (956)'!$C:$C,MATCH(F103,'เครื่องมือแพทย์ (956)'!$B:$B,0)) -> Vital Sign Monitors | H103: =INDEX('เครื่องมือแพทย์ (956)'!$E:$E,MATCH(F103,'เครื่องมือแพทย์ (956)'!$B:$B,0)) -> Nihon Kohden | I103: =INDEX('เครื่องมือแพทย์ (956)'!$F:$F,MATCH(F103,'เครื่องมือแพทย์ (956)'!$B:$B,0)) -> SVM-7200 | J103: =INDEX('เครื่องมือแพทย์ (956)'!$G:$G,MATCH(F103,'เครื่องมือแพทย์ (956)'!$B:$B,0)) -> MQC680211-001 | K103: =INDEX('เครื่องมือแพทย์ (956)'!$J:$J,MATCH(F103,'เครื่องมือแพทย์ (956)'!$B:$B,0)) -> ห้องตรวจเบอร์ 4 (ห้องตรวจสูตินรีเวชกรรม) | L103: =INDEX('เครื่องมือแพทย์ (956)'!$K:$K,MATCH(F103,'เครื่องมือแพทย์ (956)'!$B:$B,0)) -> งานการพยาบาลผู้ป่วยนอกและผู้ป่วยฉุกเฉิน | M103: ฝ้าย
A104: =TEXT(C104, "mmm") -> ก.ย. | B104: =TEXT(C104,"[$-41E]dddd") -> ศุกร์ | C104: 46269 | D104: 69-15746 | E104: แล้วเสร็จ | F104: MEDCMU-021842 | G104: =INDEX('เครื่องมือแพทย์ (956)'!$C:$C,MATCH(F104,'เครื่องมือแพทย์ (956)'!$B:$B,0)) -> Fetal Monitors | H104: =INDEX('เครื่องมือแพทย์ (956)'!$E:$E,MATCH(F104,'เครื่องมือแพทย์ (956)'!$B:$B,0)) -> EDAN | I104: =INDEX('เครื่องมือแพทย์ (956)'!$F:$F,MATCH(F104,'เครื่องมือแพทย์ (956)'!$B:$B,0)) -> MT-811 | J104: =INDEX('เครื่องมือแพทย์ (956)'!$G:$G,MATCH(F104,'เครื่องมือแพทย์ (956)'!$B:$B,0)) -> 461069-WH141920095 | K104: =INDEX('เครื่องมือแพทย์ (956)'!$J:$J,MATCH(F104,'เครื่องมือแพทย์ (956)'!$B:$B,0)) -> ห้องตรวจเบอร์ 4 (ห้องตรวจสูตินรีเวชกรรม) | L104: =INDEX('เครื่องมือแพทย์ (956)'!$K:$K,MATCH(F104,'เครื่องมือแพทย์ (956)'!$B:$B,0)) -> งานการพยาบาลผู้ป่วยนอกและผู้ป่วยฉุกเฉิน | M104: ฝ้าย
A105: =TEXT(C105, "mmm") -> ก.ย. | B105: =TEXT(C105,"[$-41E]dddd") -> ศุกร์ | C105: 46269 | D105: 69-15748 | E105: แล้วเสร็จ | F105: MEDCMU-021843 | G105: =INDEX('เครื่องมือแพทย์ (956)'!$C:$C,MATCH(F105,'เครื่องมือแพทย์ (956)'!$B:$B,0)) -> Fetal Monitors | H105: =INDEX('เครื่องมือแพทย์ (956)'!$E:$E,MATCH(F105,'เครื่องมือแพทย์ (956)'!$B:$B,0)) -> EDAN | I105: =INDEX('เครื่องมือแพทย์ (956)'!$F:$F,MATCH(F105,'เครื่องมือแพทย์ (956)'!$B:$B,0)) -> MT-811 | J105: =INDEX('เครื่องมือแพทย์ (956)'!$G:$G,MATCH(F105,'เครื่องมือแพทย์ (956)'!$B:$B,0)) -> 461069-WH150990007 | K105: =INDEX('เครื่องมือแพทย์ (956)'!$J:$J,MATCH(F105,'เครื่องมือแพทย์ (956)'!$B:$B,0)) -> ห้องตรวจเบอร์ 4 (ห้องตรวจสูตินรีเวชกรรม) | L105: =INDEX('เครื่องมือแพทย์ (956)'!$K:$K,MATCH(F105,'เครื่องมือแพทย์ (956)'!$B:$B,0)) -> งานการพยาบาลผู้ป่วยนอกและผู้ป่วยฉุกเฉิน | M105: ฝ้าย | N105: ขอส่งช่วงบ่าย หมอใช้งานอยู่
A106: =TEXT(C106, "mmm") -> ก.ย. | B106: =TEXT(C106,"[$-41E]dddd") -> ศุกร์ | C106: 46269 | D106: 69-15742 | E106: แล้วเสร็จ | F106: MEDCMU-009005 | G106: =INDEX('เครื่องมือแพทย์ (956)'!$C:$C,MATCH(F106,'เครื่องมือแพทย์ (956)'!$B:$B,0)) -> Vital Sign Monitors | H106: =INDEX('เครื่องมือแพทย์ (956)'!$E:$E,MATCH(F106,'เครื่องมือแพทย์ (956)'!$B:$B,0)) -> Philips | I106: =INDEX('เครื่องมือแพทย์ (956)'!$F:$F,MATCH(F106,'เครื่องมือแพทย์ (956)'!$B:$B,0)) -> IntelliVue X2 | J106: =INDEX('เครื่องมือแพทย์ (956)'!$G:$G,MATCH(F106,'เครื่องมือแพทย์ (956)'!$B:$B,0)) -> DE037A0997 | K106: =INDEX('เครื่องมือแพทย์ (956)'!$J:$J,MATCH(F106,'เครื่องมือแพทย์ (956)'!$B:$B,0)) -> หอผู้ป่วยสังเกตอาการ | L106: =INDEX('เครื่องมือแพทย์ (956)'!$K:$K,MATCH(F106,'เครื่องมือแพทย์ (956)'!$B:$B,0)) -> งานการพยาบาลผู้ป่วยนอกและผู้ป่วยฉุกเฉิน | M106: น้ำ
A107: =TEXT(C107, "mmm") -> ก.ย. | B107: =TEXT(C107,"[$-41E]dddd") -> ศุกร์ | C107: 46269 | D107: 69-15786 | E107: แล้วเสร็จ | F107: MEDCMU-020866 | G107: =INDEX('เครื่องมือแพทย์ (956)'!$C:$C,MATCH(F107,'เครื่องมือแพทย์ (956)'!$B:$B,0)) -> Vital Sign Monitors | H107: =INDEX('เครื่องมือแพทย์ (956)'!$E:$E,MATCH(F107,'เครื่องมือแพทย์ (956)'!$B:$B,0)) -> Mindray | I107: =INDEX('เครื่องมือแพทย์ (956)'!$F:$F,MATCH(F107,'เครื่องมือแพทย์ (956)'!$B:$B,0)) -> VS-600 | J107: =INDEX('เครื่องมือแพทย์ (956)'!$G:$G,MATCH(F107,'เครื่องมือแพทย์ (956)'!$B:$B,0)) -> FU-4B041090 | K107: =INDEX('เครื่องมือแพทย์ (956)'!$J:$J,MATCH(F107,'เครื่องมือแพทย์ (956)'!$B:$B,0)) -> หน่วยเคมีบำบัดผู้ป่วยนอก 1 | L107: =INDEX('เครื่องมือแพทย์ (956)'!$K:$K,MATCH(F107,'เครื่องมือแพทย์ (956)'!$B:$B,0)) -> งานการพยาบาลผู้ป่วยนอกและผู้ป่วยฉุกเฉิน | M107: ฟิล์ม
A108: =TEXT(C108, "mmm") -> ก.ย. | B108: =TEXT(C108,"[$-41E]dddd") -> ศุกร์ | C108: 46269 | D108: 69-15787 | E108: แล้วเสร็จ | F108: MEDCMU-019507 | G108: =INDEX('เครื่องมือแพทย์ (956)'!$C:$C,MATCH(F108,'เครื่องมือแพทย์ (956)'!$B:$B,0)) -> Pulse Oximeter | H108: =INDEX('เครื่องมือแพทย์ (956)'!$E:$E,MATCH(F108,'เครื่องมือแพทย์ (956)'!$B:$B,0)) -> Mindray | I108: =INDEX('เครื่องมือแพทย์ (956)'!$F:$F,MATCH(F108,'เครื่องมือแพทย์ (956)'!$B:$B,0)) -> PM-60 | J108: =INDEX('เครื่องมือแพทย์ (956)'!$G:$G,MATCH(F108,'เครื่องมือแพทย์ (956)'!$B:$B,0)) -> CR-36270273 | K108: =INDEX('เครื่องมือแพทย์ (956)'!$J:$J,MATCH(F108,'เครื่องมือแพทย์ (956)'!$B:$B,0)) -> หน่วยเคมีบำบัดผู้ป่วยนอก 1 | L108: =INDEX('เครื่องมือแพทย์ (956)'!$K:$K,MATCH(F108,'เครื่องมือแพทย์ (956)'!$B:$B,0)) -> งานการพยาบาลผู้ป่วยนอกและผู้ป่วยฉุกเฉิน | M108: ฟิล์ม
A109: =TEXT(C109, "mmm") -> ก.ย. | B109: =TEXT(C109,"[$-41E]dddd") -> ศุกร์ | C109: 46269 | D109: 69-15744 | E109: แล้วเสร็จ | F109: MEDCMU-000407 | G109: =INDEX('เครื่องมือแพทย์ (956)'!$C:$C,MATCH(F109,'เครื่องมือแพทย์ (956)'!$B:$B,0)) -> Vital Sign Monitors | H109: =INDEX('เครื่องมือแพทย์ (956)'!$E:$E,MATCH(F109,'เครื่องมือแพทย์ (956)'!$B:$B,0)) -> Philips | I109: =INDEX('เครื่องมือแพทย์ (956)'!$F:$F,MATCH(F109,'เครื่องมือแพทย์ (956)'!$B:$B,0)) -> SureSigns VM4 | J109: =INDEX('เครื่องมือแพทย์ (956)'!$G:$G,MATCH(F109,'เครื่องมือแพทย์ (956)'!$B:$B,0)) -> US90328524 | K109: =INDEX('เครื่องมือแพทย์ (956)'!$J:$J,MATCH(F109,'เครื่องมือแพทย์ (956)'!$B:$B,0)) -> หน่วยตรวจสวนหัวใจและหลอดเลือด | L109: =INDEX('เครื่องมือแพทย์ (956)'!$K:$K,MATCH(F109,'เครื่องมือแพทย์ (956)'!$B:$B,0)) -> งานการพยาบาลผู้ป่วยอายุรศาสตร์ | M109: ฟิล์ม
A110: =TEXT(C110, "mmm") -> ก.ย. | B110: =TEXT(C110,"[$-41E]dddd") -> ศุกร์ | C110: 46269 | D110: 69-15743 | E110: แล้วเสร็จ | F110: MEDCMU-000408 | G110: =INDEX('เครื่องมือแพทย์ (956)'!$C:$C,MATCH(F110,'เครื่องมือแพทย์ (956)'!$B:$B,0)) -> Vital Sign Monitors | H110: =INDEX('เครื่องมือแพทย์ (956)'!$E:$E,MATCH(F110,'เครื่องมือแพทย์ (956)'!$B:$B,0)) -> Goldway | I110: =INDEX('เครื่องมือแพทย์ (956)'!$F:$F,MATCH(F110,'เครื่องมือแพทย์ (956)'!$B:$B,0)) -> G30E | J110: =INDEX('เครื่องมือแพทย์ (956)'!$G:$G,MATCH(F110,'เครื่องมือแพทย์ (956)'!$B:$B,0)) -> CN50803278 | K110: =INDEX('เครื่องมือแพทย์ (956)'!$J:$J,MATCH(F110,'เครื่องมือแพทย์ (956)'!$B:$B,0)) -> หน่วยตรวจสวนหัวใจและหลอดเลือด | L110: =INDEX('เครื่องมือแพทย์ (956)'!$K:$K,MATCH(F110,'เครื่องมือแพทย์ (956)'!$B:$B,0)) -> งานการพยาบาลผู้ป่วยอายุรศาสตร์ | M110: ฟิล์ม
A111: =TEXT(C111, "mmm") -> ก.ย. | B111: =TEXT(C111,"[$-41E]dddd") -> ศุกร์ | C111: 46269 | D111: 69-15707 | E111: แล้วเสร็จ | F111: MEDCMU-000393 | G111: =INDEX('เครื่องมือแพทย์ (956)'!$C:$C,MATCH(F111,'เครื่องมือแพทย์ (956)'!$B:$B,0)) -> Pacemaker | H111: =INDEX('เครื่องมือแพทย์ (956)'!$E:$E,MATCH(F111,'เครื่องมือแพทย์ (956)'!$B:$B,0)) -> Medtronic | I111: =INDEX('เครื่องมือแพทย์ (956)'!$F:$F,MATCH(F111,'เครื่องมือแพทย์ (956)'!$B:$B,0)) -> 5348 | J111: =INDEX('เครื่องมือแพทย์ (956)'!$G:$G,MATCH(F111,'เครื่องมือแพทย์ (956)'!$B:$B,0)) -> PEP006209P | K111: =INDEX('เครื่องมือแพทย์ (956)'!$J:$J,MATCH(F111,'เครื่องมือแพทย์ (956)'!$B:$B,0)) -> หน่วยตรวจสวนหัวใจและหลอดเลือด | L111: =INDEX('เครื่องมือแพทย์ (956)'!$K:$K,MATCH(F111,'เครื่องมือแพทย์ (956)'!$B:$B,0)) -> งานการพยาบาลผู้ป่วยอายุรศาสตร์ | M111: ฟิล์ม
A112: =TEXT(C112, "mmm") -> ก.ย. | B112: =TEXT(C112,"[$-41E]dddd") -> ศุกร์ | C112: 46269 | D112: 69-15804 | E112: แล้วเสร็จ | F112: MEDCMU-020180 | G112: =INDEX('เครื่องมือแพทย์ (956)'!$C:$C,MATCH(F112,'เครื่องมือแพทย์ (956)'!$B:$B,0)) -> Blood Flow Detector,Doppler | H112: =INDEX('เครื่องมือแพทย์ (956)'!$E:$E,MATCH(F112,'เครื่องมือแพทย์ (956)'!$B:$B,0)) -> Summit Doppler | I112: =INDEX('เครื่องมือแพทย์ (956)'!$F:$F,MATCH(F112,'เครื่องมือแพทย์ (956)'!$B:$B,0)) -> LIFEDOP 350 | J112: =INDEX('เครื่องมือแพทย์ (956)'!$G:$G,MATCH(F112,'เครื่องมือแพทย์ (956)'!$B:$B,0)) -> 2023080001 | K112: =INDEX('เครื่องมือแพทย์ (956)'!$J:$J,MATCH(F112,'เครื่องมือแพทย์ (956)'!$B:$B,0)) -> หอผู้ป่วยหนักศัลยกรรมทรวงอก หัวใจ และหลอดเลือด | L112: =INDEX('เครื่องมือแพทย์ (956)'!$K:$K,MATCH(F112,'เครื่องมือแพทย์ (956)'!$B:$B,0)) -> งานการพยาบาลผู้ป่วยศัลยศาสตร์ | M112: ฟิล์ม
A113: =TEXT(C113, "mmm") -> ก.ย. | B113: =TEXT(C113,"[$-41E]dddd") -> ศุกร์ | C113: 46269 | D113: 69-15827 | E113: แล้วเสร็จ | F113: MEDCMU-008294 | G113: =INDEX('เครื่องมือแพทย์ (956)'!$C:$C,MATCH(F113,'เครื่องมือแพทย์ (956)'!$B:$B,0)) -> Pacemaker | H113: =INDEX('เครื่องมือแพทย์ (956)'!$E:$E,MATCH(F113,'เครื่องมือแพทย์ (956)'!$B:$B,0)) -> Medtronic | I113: =INDEX('เครื่องมือแพทย์ (956)'!$F:$F,MATCH(F113,'เครื่องมือแพทย์ (956)'!$B:$B,0)) -> 5388 | J113: =INDEX('เครื่องมือแพทย์ (956)'!$G:$G,MATCH(F113,'เครื่องมือแพทย์ (956)'!$B:$B,0)) -> PFG032491P | K113: =INDEX('เครื่องมือแพทย์ (956)'!$J:$J,MATCH(F113,'เครื่องมือแพทย์ (956)'!$B:$B,0)) -> หอผู้ป่วยหนักศัลยกรรมทรวงอก หัวใจ และหลอดเลือด | L113: =INDEX('เครื่องมือแพทย์ (956)'!$K:$K,MATCH(F113,'เครื่องมือแพทย์ (956)'!$B:$B,0)) -> งานการพยาบาลผู้ป่วยศัลยศาสตร์ | M113: ฟิล์ม
A114: =TEXT(C114, "mmm") -> ก.ย. | B114: =TEXT(C114,"[$-41E]dddd") -> ศุกร์ | C114: 46269 | D114: 69-15767 | E114: แล้วเสร็จ | F114: MEDCMU-020938 | G114: =INDEX('เครื่องมือแพทย์ (956)'!$C:$C,MATCH(F114,'เครื่องมือแพทย์ (956)'!$B:$B,0)) -> Vital Sign Monitors | H114: =INDEX('เครื่องมือแพทย์ (956)'!$E:$E,MATCH(F114,'เครื่องมือแพทย์ (956)'!$B:$B,0)) -> Nihon Kohden | I114: =INDEX('เครื่องมือแพทย์ (956)'!$F:$F,MATCH(F114,'เครื่องมือแพทย์ (956)'!$B:$B,0)) -> SVM-7601 | J114: =INDEX('เครื่องมือแพทย์ (956)'!$G:$G,MATCH(F114,'เครื่องมือแพทย์ (956)'!$B:$B,0)) -> 0017602 | K114: =INDEX('เครื่องมือแพทย์ (956)'!$J:$J,MATCH(F114,'เครื่องมือแพทย์ (956)'!$B:$B,0)) -> หอผู้ป่วยศัลยกรรมชาย 1 | L114: =INDEX('เครื่องมือแพทย์ (956)'!$K:$K,MATCH(F114,'เครื่องมือแพทย์ (956)'!$B:$B,0)) -> งานการพยาบาลผู้ป่วยศัลยศาสตร์ | M114: ฟิล์ม
A115: =TEXT(C115, "mmm") -> ก.ย. | B115: =TEXT(C115,"[$-41E]dddd") -> ศุกร์ | C115: 46269 | D115: 69-15782 | E115: แล้วเสร็จ | F115: MEDCMU-009294 | G115: =INDEX('เครื่องมือแพทย์ (956)'!$C:$C,MATCH(F115,'เครื่องมือแพทย์ (956)'!$B:$B,0)) -> Vital Sign Monitors | H115: =INDEX('เครื่องมือแพทย์ (956)'!$E:$E,MATCH(F115,'เครื่องมือแพทย์ (956)'!$B:$B,0)) -> Edan | I115: =INDEX('เครื่องมือแพทย์ (956)'!$F:$F,MATCH(F115,'เครื่องมือแพทย์ (956)'!$B:$B,0)) -> M3A | J115: =INDEX('เครื่องมือแพทย์ (956)'!$G:$G,MATCH(F115,'เครื่องมือแพทย์ (956)'!$B:$B,0)) -> 261164-M17401090039-01 | K115: =INDEX('เครื่องมือแพทย์ (956)'!$J:$J,MATCH(F115,'เครื่องมือแพทย์ (956)'!$B:$B,0)) -> หอผู้ป่วยศัลยกรรมชาย 1 | L115: =INDEX('เครื่องมือแพทย์ (956)'!$K:$K,MATCH(F115,'เครื่องมือแพทย์ (956)'!$B:$B,0)) -> งานการพยาบาลผู้ป่วยศัลยศาสตร์ | M115: ฟิล์ม
A116: =TEXT(C116, "mmm") -> ก.ย. | B116: =TEXT(C116,"[$-41E]dddd") -> ศุกร์ | C116: 46269 | D116: 69-15785 | E116: แล้วเสร็จ | F116: MEDCMU-009293 | G116: =INDEX('เครื่องมือแพทย์ (956)'!$C:$C,MATCH(F116,'เครื่องมือแพทย์ (956)'!$B:$B,0)) -> Vital Sign Monitors | H116: =INDEX('เครื่องมือแพทย์ (956)'!$E:$E,MATCH(F116,'เครื่องมือแพทย์ (956)'!$B:$B,0)) -> Edan | I116: =INDEX('เครื่องมือแพทย์ (956)'!$F:$F,MATCH(F116,'เครื่องมือแพทย์ (956)'!$B:$B,0)) -> M3A | J116: =INDEX('เครื่องมือแพทย์ (956)'!$G:$G,MATCH(F116,'เครื่องมือแพทย์ (956)'!$B:$B,0)) -> 261164-M17401090005-01 | K116: =INDEX('เครื่องมือแพทย์ (956)'!$J:$J,MATCH(F116,'เครื่องมือแพทย์ (956)'!$B:$B,0)) -> หอผู้ป่วยศัลยกรรมชาย 1 | L116: =INDEX('เครื่องมือแพทย์ (956)'!$K:$K,MATCH(F116,'เครื่องมือแพทย์ (956)'!$B:$B,0)) -> งานการพยาบาลผู้ป่วยศัลยศาสตร์ | M116: ฟิล์ม
A117: =TEXT(C117, "mmm") -> ก.ย. | B117: =TEXT(C117,"[$-41E]dddd") -> ศุกร์ | C117: 46269 | D117: 69-15828 | E117: แล้วเสร็จ | F117: MEDCMU-007767 | G117: =INDEX('เครื่องมือแพทย์ (956)'!$C:$C,MATCH(F117,'เครื่องมือแพทย์ (956)'!$B:$B,0)) -> Electrocardiography | H117: =INDEX('เครื่องมือแพทย์ (956)'!$E:$E,MATCH(F117,'เครื่องมือแพทย์ (956)'!$B:$B,0)) -> GE Healthcare | I117: =INDEX('เครื่องมือแพทย์ (956)'!$F:$F,MATCH(F117,'เครื่องมือแพทย์ (956)'!$B:$B,0)) -> MAC 600 | J117: =INDEX('เครื่องมือแพทย์ (956)'!$G:$G,MATCH(F117,'เครื่องมือแพทย์ (956)'!$B:$B,0)) -> SF711030823PA | K117: =INDEX('เครื่องมือแพทย์ (956)'!$J:$J,MATCH(F117,'เครื่องมือแพทย์ (956)'!$B:$B,0)) -> หอผู้ป่วยจักษุ 1 | L117: =INDEX('เครื่องมือแพทย์ (956)'!$K:$K,MATCH(F117,'เครื่องมือแพทย์ (956)'!$B:$B,0)) -> งานการพยาบาลผู้ป่วยทั่วไป จิตเวช จักษุและโสต ศอ นาสิก | M117: น้ำ
... A127: =TEXT(C127, "mmm") -> ก.ย. | B127: =TEXT(C127,"[$-41E]dddd") -> ศุกร์ | C127: 46269 | D127: 69-15862 | E127: แล้วเสร็จ | F127: MEDCMU-001759 | G127: =INDEX('เครื่องมือแพทย์ (956)'!$C:$C,MATCH(F127,'เครื่องมือแพทย์ (956)'!$B:$B,0)) -> Electrosurgical Unit | H127: =INDEX('เครื่องมือแพทย์ (956)'!$E:$E,MATCH(F127,'เครื่องมือแพทย์ (956)'!$B:$B,0)) -> Covidien | I127: =INDEX('เครื่องมือแพทย์ (956)'!$F:$F,MATCH(F127,'เครื่องมือแพทย์ (956)'!$B:$B,0)) -> Force FX | J127: =INDEX('เครื่องมือแพทย์ (956)'!$G:$G,MATCH(F127,'เครื่องมือแพทย์ (956)'!$B:$B,0)) -> S6A20391AX | K127: =INDEX('เครื่องมือแพทย์ (956)'!$J:$J,MATCH(F127,'เครื่องมือแพทย์ (956)'!$B:$B,0)) -> หน่วยผ่าตัดที่ 1 | L127: =INDEX('เครื่องมือแพทย์ (956)'!$K:$K,MATCH(F127,'เครื่องมือแพทย์ (956)'!$B:$B,0)) -> งานการพยาบาลผู้ป่วยผ่าตัดและพักฟื้น | M127: ฝ้าย
A128: =TEXT(C128, "mmm") -> ก.ย. | B128: =TEXT(C128,"[$-41E]dddd") -> ศุกร์ | C128: 46269 | D128: 69-15863 | E128: แล้วเสร็จ | F128: MEDCMU-001916 | G128: =INDEX('เครื่องมือแพทย์ (956)'!$C:$C,MATCH(F128,'เครื่องมือแพทย์ (956)'!$B:$B,0)) -> Pulse Oximeter | H128: =INDEX('เครื่องมือแพทย์ (956)'!$E:$E,MATCH(F128,'เครื่องมือแพทย์ (956)'!$B:$B,0)) -> Masimo | I128: =INDEX('เครื่องมือแพทย์ (956)'!$F:$F,MATCH(F128,'เครื่องมือแพทย์ (956)'!$B:$B,0)) -> Rad-87 | J128: =INDEX('เครื่องมือแพทย์ (956)'!$G:$G,MATCH(F128,'เครื่องมือแพทย์ (956)'!$B:$B,0)) -> J15940 | K128: =INDEX('เครื่องมือแพทย์ (956)'!$J:$J,MATCH(F128,'เครื่องมือแพทย์ (956)'!$B:$B,0)) -> หน่วยผ่าตัด | L128: =INDEX('เครื่องมือแพทย์ (956)'!$K:$K,MATCH(F128,'เครื่องมือแพทย์ (956)'!$B:$B,0)) -> งานการพยาบาลผู้ป่วยผ่าตัดและพักฟื้น | M128: น้ำ | N128: เครื่องอยู่ที่ RR
A129: =TEXT(C129, "mmm") -> ก.ย. | B129: =TEXT(C129,"[$-41E]dddd") -> ศุกร์ | C129: 46269 | D129: 69-15869 | E129: แล้วเสร็จ | F129: MEDCMU-001702 | G129: =INDEX('เครื่องมือแพทย์ (956)'!$C:$C,MATCH(F129,'เครื่องมือแพทย์ (956)'!$B:$B,0)) -> Vital Sign Monitors | H129: =INDEX('เครื่องมือแพทย์ (956)'!$E:$E,MATCH(F129,'เครื่องมือแพทย์ (956)'!$B:$B,0)) -> Nihon Kohden | I129: =INDEX('เครื่องมือแพทย์ (956)'!$F:$F,MATCH(F129,'เครื่องมือแพทย์ (956)'!$B:$B,0)) -> MU-631RK | J129: =INDEX('เครื่องมือแพทย์ (956)'!$G:$G,MATCH(F129,'เครื่องมือแพทย์ (956)'!$B:$B,0)) -> 01450 | K129: =INDEX('เครื่องมือแพทย์ (956)'!$J:$J,MATCH(F129,'เครื่องมือแพทย์ (956)'!$B:$B,0)) -> หอผู้ป่วยพักฟื้น | L129: =INDEX('เครื่องมือแพทย์ (956)'!$K:$K,MATCH(F129,'เครื่องมือแพทย์ (956)'!$B:$B,0)) -> งานการพยาบาลผู้ป่วยผ่าตัดและพักฟื้น | M129: น้ำ
A130: =TEXT(C130, "mmm") -> ก.ย. | B130: =TEXT(C130,"[$-41E]dddd") -> ศุกร์ | C130: 46269 | D130: 69-15871 | E130: แล้วเสร็จ | F130: MEDCMU-019629 | G130: =INDEX('เครื่องมือแพทย์ (956)'!$C:$C,MATCH(F130,'เครื่องมือแพทย์ (956)'!$B:$B,0)) -> Electrocardiography | H130: =INDEX('เครื่องมือแพทย์ (956)'!$E:$E,MATCH(F130,'เครื่องมือแพทย์ (956)'!$B:$B,0)) -> NIHON KOHDEN | I130: =INDEX('เครื่องมือแพทย์ (956)'!$F:$F,MATCH(F130,'เครื่องมือแพทย์ (956)'!$B:$B,0)) -> Cardiofax M : ECG-2350 K | J130: =INDEX('เครื่องมือแพทย์ (956)'!$G:$G,MATCH(F130,'เครื่องมือแพทย์ (956)'!$B:$B,0)) -> 0102227 | K130: =INDEX('เครื่องมือแพทย์ (956)'!$J:$J,MATCH(F130,'เครื่องมือแพทย์ (956)'!$B:$B,0)) -> หอผู้ป่วยพักฟื้น | L130: =INDEX('เครื่องมือแพทย์ (956)'!$K:$K,MATCH(F130,'เครื่องมือแพทย์ (956)'!$B:$B,0)) -> งานการพยาบาลผู้ป่วยผ่าตัดและพักฟื้น | M130: น้ำ
A131: =TEXT(C131, "mmm") -> ก.ย. | B131: =TEXT(C131,"[$-41E]dddd") -> ศุกร์ | C131: 46269 | D131: 69-15872 | E131: แล้วเสร็จ | F131: MEDCMU-001955 | G131: =INDEX('เครื่องมือแพทย์ (956)'!$C:$C,MATCH(F131,'เครื่องมือแพทย์ (956)'!$B:$B,0)) -> Pulse Oximeter | H131: =INDEX('เครื่องมือแพทย์ (956)'!$E:$E,MATCH(F131,'เครื่องมือแพทย์ (956)'!$B:$B,0)) -> Masimo | I131: =INDEX('เครื่องมือแพทย์ (956)'!$F:$F,MATCH(F131,'เครื่องมือแพทย์ (956)'!$B:$B,0)) -> Rad-5 | J131: =INDEX('เครื่องมือแพทย์ (956)'!$G:$G,MATCH(F131,'เครื่องมือแพทย์ (956)'!$B:$B,0)) -> NO4710 | K131: =INDEX('เครื่องมือแพทย์ (956)'!$J:$J,MATCH(F131,'เครื่องมือแพทย์ (956)'!$B:$B,0)) -> หอผู้ป่วยพักฟื้น | L131: =INDEX('เครื่องมือแพทย์ (956)'!$K:$K,MATCH(F131,'เครื่องมือแพทย์ (956)'!$B:$B,0)) -> งานการพยาบาลผู้ป่วยผ่าตัดและพักฟื้น | M131: น้ำ
A132: =TEXT(C132, "mmm") -> ก.ย. | B132: =TEXT(C132,"[$-41E]dddd") -> ศุกร์ | C132: 46269 | D132: 69-15873 | E132: แล้วเสร็จ | F132: MEDCMU-001711 | G132: =INDEX('เครื่องมือแพทย์ (956)'!$C:$C,MATCH(F132,'เครื่องมือแพทย์ (956)'!$B:$B,0)) -> Vital Sign Monitors | H132: =INDEX('เครื่องมือแพทย์ (956)'!$E:$E,MATCH(F132,'เครื่องมือแพทย์ (956)'!$B:$B,0)) -> Nihon Kohden | I132: =INDEX('เครื่องมือแพทย์ (956)'!$F:$F,MATCH(F132,'เครื่องมือแพทย์ (956)'!$B:$B,0)) -> MU-631RK | J132: =INDEX('เครื่องมือแพทย์ (956)'!$G:$G,MATCH(F132,'เครื่องมือแพทย์ (956)'!$B:$B,0)) -> 01448 | K132: =INDEX('เครื่องมือแพทย์ (956)'!$J:$J,MATCH(F132,'เครื่องมือแพทย์ (956)'!$B:$B,0)) -> หอผู้ป่วยพักฟื้น | L132: =INDEX('เครื่องมือแพทย์ (956)'!$K:$K,MATCH(F132,'เครื่องมือแพทย์ (956)'!$B:$B,0)) -> งานการพยาบาลผู้ป่วยผ่าตัดและพักฟื้น | M132: น้ำ
A133: =TEXT(C133, "mmm") -> ก.ย. | B133: =TEXT(C133,"[$-41E]dddd") -> ศุกร์ | C133: 46269 | D133: 69-15874 | E133: แล้วเสร็จ | F133: MEDCMU-001709 | G133: =INDEX('เครื่องมือแพทย์ (956)'!$C:$C,MATCH(F133,'เครื่องมือแพทย์ (956)'!$B:$B,0)) -> Vital Sign Monitors | H133: =INDEX('เครื่องมือแพทย์ (956)'!$E:$E,MATCH(F133,'เครื่องมือแพทย์ (956)'!$B:$B,0)) -> Nihon Kohden | I133: =INDEX('เครื่องมือแพทย์ (956)'!$F:$F,MATCH(F133,'เครื่องมือแพทย์ (956)'!$B:$B,0)) -> MU-631RK | J133: =INDEX('เครื่องมือแพทย์ (956)'!$G:$G,MATCH(F133,'เครื่องมือแพทย์ (956)'!$B:$B,0)) -> 01463 | K133: =INDEX('เครื่องมือแพทย์ (956)'!$J:$J,MATCH(F133,'เครื่องมือแพทย์ (956)'!$B:$B,0)) -> หอผู้ป่วยพักฟื้น | L133: =INDEX('เครื่องมือแพทย์ (956)'!$K:$K,MATCH(F133,'เครื่องมือแพทย์ (956)'!$B:$B,0)) -> งานการพยาบาลผู้ป่วยผ่าตัดและพักฟื้น | M133: น้ำ
A134: =TEXT(C134, "mmm") -> ก.ย. | B134: =TEXT(C134,"[$-41E]dddd") -> ศุกร์ | C134: 46269 | D134: 69-15875 | E134: แล้วเสร็จ | F134: MEDCMU-001707 | G134: =INDEX('เครื่องมือแพทย์ (956)'!$C:$C,MATCH(F134,'เครื่องมือแพทย์ (956)'!$B:$B,0)) -> Vital Sign Monitors | H134: =INDEX('เครื่องมือแพทย์ (956)'!$E:$E,MATCH(F134,'เครื่องมือแพทย์ (956)'!$B:$B,0)) -> Nihon Kohden | I134: =INDEX('เครื่องมือแพทย์ (956)'!$F:$F,MATCH(F134,'เครื่องมือแพทย์ (956)'!$B:$B,0)) -> MU-631RK | J134: =INDEX('เครื่องมือแพทย์ (956)'!$G:$G,MATCH(F134,'เครื่องมือแพทย์ (956)'!$B:$B,0)) -> 01462 | K134: =INDEX('เครื่องมือแพทย์ (956)'!$J:$J,MATCH(F134,'เครื่องมือแพทย์ (956)'!$B:$B,0)) -> หอผู้ป่วยพักฟื้น | L134: =INDEX('เครื่องมือแพทย์ (956)'!$K:$K,MATCH(F134,'เครื่องมือแพทย์ (956)'!$B:$B,0)) -> งานการพยาบาลผู้ป่วยผ่าตัดและพักฟื้น | M134: น้ำ
A135: =TEXT(C135, "mmm") -> ก.ย. | B135: =TEXT(C135,"[$-41E]dddd") -> ศุกร์ | C135: 46269 | D135: 69-15876 | E135: แล้วเสร็จ | F135: MEDCMU-007350 | G135: =INDEX('เครื่องมือแพทย์ (956)'!$C:$C,MATCH(F135,'เครื่องมือแพทย์ (956)'!$B:$B,0)) -> Pulse Oximeter | H135: =INDEX('เครื่องมือแพทย์ (956)'!$E:$E,MATCH(F135,'เครื่องมือแพทย์ (956)'!$B:$B,0)) -> Biosys | I135: =INDEX('เครื่องมือแพทย์ (956)'!$F:$F,MATCH(F135,'เครื่องมือแพทย์ (956)'!$B:$B,0)) -> BPM-200 | J135: =INDEX('เครื่องมือแพทย์ (956)'!$G:$G,MATCH(F135,'เครื่องมือแพทย์ (956)'!$B:$B,0)) -> 125-GD5080 | K135: =INDEX('เครื่องมือแพทย์ (956)'!$J:$J,MATCH(F135,'เครื่องมือแพทย์ (956)'!$B:$B,0)) -> หอผู้ป่วยพักฟื้น | L135: =INDEX('เครื่องมือแพทย์ (956)'!$K:$K,MATCH(F135,'เครื่องมือแพทย์ (956)'!$B:$B,0)) -> งานการพยาบาลผู้ป่วยผ่าตัดและพักฟื้น | M135: ฝ้าย
A136: =TEXT(C136, "mmm") -> ก.ย. | B136: =TEXT(C136,"[$-41E]dddd") -> ศุกร์ | C136: 46269 | D136: 69-15877 | E136: แล้วเสร็จ | F136: MEDCMU-001712 | G136: =INDEX('เครื่องมือแพทย์ (956)'!$C:$C,MATCH(F136,'เครื่องมือแพทย์ (956)'!$B:$B,0)) -> Vital Sign Monitors | H136: =INDEX('เครื่องมือแพทย์ (956)'!$E:$E,MATCH(F136,'เครื่องมือแพทย์ (956)'!$B:$B,0)) -> Nihon Kohden | I136: =INDEX('เครื่องมือแพทย์ (956)'!$F:$F,MATCH(F136,'เครื่องมือแพทย์ (956)'!$B:$B,0)) -> MU-631RK | J136: =INDEX('เครื่องมือแพทย์ (956)'!$G:$G,MATCH(F136,'เครื่องมือแพทย์ (956)'!$B:$B,0)) -> 01851 | K136: =INDEX('เครื่องมือแพทย์ (956)'!$J:$J,MATCH(F136,'เครื่องมือแพทย์ (956)'!$B:$B,0)) -> หอผู้ป่วยพักฟื้น | L136: =INDEX('เครื่องมือแพทย์ (956)'!$K:$K,MATCH(F136,'เครื่องมือแพทย์ (956)'!$B:$B,0)) -> งานการพยาบาลผู้ป่วยผ่าตัดและพักฟื้น | M136: น้ำ
A137: =TEXT(C137, "mmm") -> ก.ย. | B137: =TEXT(C137,"[$-41E]dddd") -> ศุกร์ | C137: 46269 | D137: 69-15878 | E137: แล้วเสร็จ | F137: MEDCMU-001706 | G137: =INDEX('เครื่องมือแพทย์ (956)'!$C:$C,MATCH(F137,'เครื่องมือแพทย์ (956)'!$B:$B,0)) -> Vital Sign Monitors | H137: =INDEX('เครื่องมือแพทย์ (956)'!$E:$E,MATCH(F137,'เครื่องมือแพทย์ (956)'!$B:$B,0)) -> Nihon Kohden | I137: =INDEX('เครื่องมือแพทย์ (956)'!$F:$F,MATCH(F137,'เครื่องมือแพทย์ (956)'!$B:$B,0)) -> MU-631RK | J137: =INDEX('เครื่องมือแพทย์ (956)'!$G:$G,MATCH(F137,'เครื่องมือแพทย์ (956)'!$B:$B,0)) -> 01452 | K137: =INDEX('เครื่องมือแพทย์ (956)'!$J:$J,MATCH(F137,'เครื่องมือแพทย์ (956)'!$B:$B,0)) -> หอผู้ป่วยพักฟื้น | L137: =INDEX('เครื่องมือแพทย์ (956)'!$K:$K,MATCH(F137,'เครื่องมือแพทย์ (956)'!$B:$B,0)) -> งานการพยาบาลผู้ป่วยผ่าตัดและพักฟื้น | M137: น้ำ
A138: =TEXT(C138, "mmm") -> ก.ย. | B138: =TEXT(C138,"[$-41E]dddd") -> ศุกร์ | C138: 46269 | D138: 69-15879 | E138: แล้วเสร็จ | F138: MEDCMU-001705 | G138: =INDEX('เครื่องมือแพทย์ (956)'!$C:$C,MATCH(F138,'เครื่องมือแพทย์ (956)'!$B:$B,0)) -> Vital Sign Monitors | H138: =INDEX('เครื่องมือแพทย์ (956)'!$E:$E,MATCH(F138,'เครื่องมือแพทย์ (956)'!$B:$B,0)) -> Nihon Kohden | I138: =INDEX('เครื่องมือแพทย์ (956)'!$F:$F,MATCH(F138,'เครื่องมือแพทย์ (956)'!$B:$B,0)) -> MU-631RK | J138: =INDEX('เครื่องมือแพทย์ (956)'!$G:$G,MATCH(F138,'เครื่องมือแพทย์ (956)'!$B:$B,0)) -> 01461 | K138: =INDEX('เครื่องมือแพทย์ (956)'!$J:$J,MATCH(F138,'เครื่องมือแพทย์ (956)'!$B:$B,0)) -> หอผู้ป่วยพักฟื้น | L138: =INDEX('เครื่องมือแพทย์ (956)'!$K:$K,MATCH(F138,'เครื่องมือแพทย์ (956)'!$B:$B,0)) -> งานการพยาบาลผู้ป่วยผ่าตัดและพักฟื้น | M138: น้ำ
A139: =TEXT(C139, "mmm") -> ก.ย. | B139: =TEXT(C139,"[$-41E]dddd") -> ศุกร์ | C139: 46269 | D139: 69-15880 | E139: แล้วเสร็จ | F139: MEDCMU-001704 | G139: =INDEX('เครื่องมือแพทย์ (956)'!$C:$C,MATCH(F139,'เครื่องมือแพทย์ (956)'!$B:$B,0)) -> Vital Sign Monitors | H139: =INDEX('เครื่องมือแพทย์ (956)'!$E:$E,MATCH(F139,'เครื่องมือแพทย์ (956)'!$B:$B,0)) -> Nihon Kohden | I139: =INDEX('เครื่องมือแพทย์ (956)'!$F:$F,MATCH(F139,'เครื่องมือแพทย์ (956)'!$B:$B,0)) -> MU-631RK | J139: =INDEX('เครื่องมือแพทย์ (956)'!$G:$G,MATCH(F139,'เครื่องมือแพทย์ (956)'!$B:$B,0)) -> 01454 | K139: =INDEX('เครื่องมือแพทย์ (956)'!$J:$J,MATCH(F139,'เครื่องมือแพทย์ (956)'!$B:$B,0)) -> หอผู้ป่วยพักฟื้น | L139: =INDEX('เครื่องมือแพทย์ (956)'!$K:$K,MATCH(F139,'เครื่องมือแพทย์ (956)'!$B:$B,0)) -> งานการพยาบาลผู้ป่วยผ่าตัดและพักฟื้น | M139: น้ำ
A140: =TEXT(C140, "mmm") -> ก.ย. | B140: =TEXT(C140,"[$-41E]dddd") -> ศุกร์ | C140: 46269 | D140: 69-15881 | E140: แล้วเสร็จ | F140: MEDCMU-001703 | G140: =INDEX('เครื่องมือแพทย์ (956)'!$C:$C,MATCH(F140,'เครื่องมือแพทย์ (956)'!$B:$B,0)) -> Vital Sign Monitors | H140: =INDEX('เครื่องมือแพทย์ (956)'!$E:$E,MATCH(F140,'เครื่องมือแพทย์ (956)'!$B:$B,0)) -> Nihon Kohden | I140: =INDEX('เครื่องมือแพทย์ (956)'!$F:$F,MATCH(F140,'เครื่องมือแพทย์ (956)'!$B:$B,0)) -> MU-631RK | J140: =INDEX('เครื่องมือแพทย์ (956)'!$G:$G,MATCH(F140,'เครื่องมือแพทย์ (956)'!$B:$B,0)) -> 01445 | K140: =INDEX('เครื่องมือแพทย์ (956)'!$J:$J,MATCH(F140,'เครื่องมือแพทย์ (956)'!$B:$B,0)) -> หอผู้ป่วยพักฟื้น | L140: =INDEX('เครื่องมือแพทย์ (956)'!$K:$K,MATCH(F140,'เครื่องมือแพทย์ (956)'!$B:$B,0)) -> งานการพยาบาลผู้ป่วยผ่าตัดและพักฟื้น | M140: น้ำ
... A153: =TEXT(C153, "mmm") -> ก.ย. | B153: =TEXT(C153,"[$-41E]dddd") -> จันทร์ | C153: 46272 | D153: 69-15909 | E153: แล้วเสร็จ | F153: MEDCMU-008966 | G153: =INDEX('เครื่องมือแพทย์ (956)'!$C:$C,MATCH(F153,'เครื่องมือแพทย์ (956)'!$B:$B,0)) -> Vital Sign Monitors, BedSide | H153: =INDEX('เครื่องมือแพทย์ (956)'!$E:$E,MATCH(F153,'เครื่องมือแพทย์ (956)'!$B:$B,0)) -> Philips | I153: =INDEX('เครื่องมือแพทย์ (956)'!$F:$F,MATCH(F153,'เครื่องมือแพทย์ (956)'!$B:$B,0)) -> IntelliVue MP20 | J153: =INDEX('เครื่องมือแพทย์ (956)'!$G:$G,MATCH(F153,'เครื่องมือแพทย์ (956)'!$B:$B,0)) -> DE72868181 | K153: =INDEX('เครื่องมือแพทย์ (956)'!$J:$J,MATCH(F153,'เครื่องมือแพทย์ (956)'!$B:$B,0)) -> หอผู้ป่วยสังเกตอาการ | L153: =INDEX('เครื่องมือแพทย์ (956)'!$K:$K,MATCH(F153,'เครื่องมือแพทย์ (956)'!$B:$B,0)) -> งานการพยาบาลผู้ป่วยนอกและผู้ป่วยฉุกเฉิน | M153: น้ำ
A154: =TEXT(C154, "mmm") -> ก.ย. | B154: =TEXT(C154,"[$-41E]dddd") -> จันทร์ | C154: 46272 | D154: 69-15945 | E154: แล้วเสร็จ | F154: MEDCMU-009287 | G154: =INDEX('เครื่องมือแพทย์ (956)'!$C:$C,MATCH(F154,'เครื่องมือแพทย์ (956)'!$B:$B,0)) -> Vital Sign Monitors | H154: =INDEX('เครื่องมือแพทย์ (956)'!$E:$E,MATCH(F154,'เครื่องมือแพทย์ (956)'!$B:$B,0)) -> Philips | I154: =INDEX('เครื่องมือแพทย์ (956)'!$F:$F,MATCH(F154,'เครื่องมือแพทย์ (956)'!$B:$B,0)) -> Efficia CM10 | J154: =INDEX('เครื่องมือแพทย์ (956)'!$G:$G,MATCH(F154,'เครื่องมือแพทย์ (956)'!$B:$B,0)) -> CN62632789 | K154: =INDEX('เครื่องมือแพทย์ (956)'!$J:$J,MATCH(F154,'เครื่องมือแพทย์ (956)'!$B:$B,0)) -> หอผู้ป่วยศัลยกรรมชาย 1 | L154: =INDEX('เครื่องมือแพทย์ (956)'!$K:$K,MATCH(F154,'เครื่องมือแพทย์ (956)'!$B:$B,0)) -> งานการพยาบาลผู้ป่วยศัลยศาสตร์ | M154: ฟิล์ม | N154: เครื่องรออะไหล่อยู่ที่หน่วย (ไนท์)
A155: =TEXT(C155, "mmm") -> ก.ย. | B155: =TEXT(C155,"[$-41E]dddd") -> จันทร์ | C155: 46272 | D155: 69-15903 | E155: แล้วเสร็จ | F155: MEDCMU-009288 | G155: =INDEX('เครื่องมือแพทย์ (956)'!$C:$C,MATCH(F155,'เครื่องมือแพทย์ (956)'!$B:$B,0)) -> Vital Sign Monitors | H155: =INDEX('เครื่องมือแพทย์ (956)'!$E:$E,MATCH(F155,'เครื่องมือแพทย์ (956)'!$B:$B,0)) -> Philips | I155: =INDEX('เครื่องมือแพทย์ (956)'!$F:$F,MATCH(F155,'เครื่องมือแพทย์ (956)'!$B:$B,0)) -> SureSigns VM4 | J155: =INDEX('เครื่องมือแพทย์ (956)'!$G:$G,MATCH(F155,'เครื่องมือแพทย์ (956)'!$B:$B,0)) -> US12558534 | K155: =INDEX('เครื่องมือแพทย์ (956)'!$J:$J,MATCH(F155,'เครื่องมือแพทย์ (956)'!$B:$B,0)) -> หอผู้ป่วยศัลยกรรมชาย 1 | L155: =INDEX('เครื่องมือแพทย์ (956)'!$K:$K,MATCH(F155,'เครื่องมือแพทย์ (956)'!$B:$B,0)) -> งานการพยาบาลผู้ป่วยศัลยศาสตร์ | M155: ฟิล์ม
A156: =TEXT(C156, "mmm") -> ก.ย. | B156: =TEXT(C156,"[$-41E]dddd") -> จันทร์ | C156: 46272 | D156: 69-15900 | E156: แล้วเสร็จ | F156: MEDCMU-000768 | G156: =INDEX('เครื่องมือแพทย์ (956)'!$C:$C,MATCH(F156,'เครื่องมือแพทย์ (956)'!$B:$B,0)) -> Vital Sign Monitors | H156: =INDEX('เครื่องมือแพทย์ (956)'!$E:$E,MATCH(F156,'เครื่องมือแพทย์ (956)'!$B:$B,0)) -> Bionet | I156: =INDEX('เครื่องมือแพทย์ (956)'!$F:$F,MATCH(F156,'เครื่องมือแพทย์ (956)'!$B:$B,0)) -> BM5 | J156: =INDEX('เครื่องมือแพทย์ (956)'!$G:$G,MATCH(F156,'เครื่องมือแพทย์ (956)'!$B:$B,0)) -> D8O0400270 | K156: =INDEX('เครื่องมือแพทย์ (956)'!$J:$J,MATCH(F156,'เครื่องมือแพทย์ (956)'!$B:$B,0)) -> หอผู้ป่วยเคมีบำบัด | L156: =INDEX('เครื่องมือแพทย์ (956)'!$K:$K,MATCH(F156,'เครื่องมือแพทย์ (956)'!$B:$B,0)) -> งานการพยาบาลผู้ป่วยอายุรศาสตร์ | M156: น้ำ
A157: =TEXT(C157, "mmm") -> ก.ย. | B157: =TEXT(C157,"[$-41E]dddd") -> จันทร์ | C157: 46272 | D157: 69-15965 | E157: แล้วเสร็จ | F157: MEDCMU-007299 | G157: =INDEX('เครื่องมือแพทย์ (956)'!$C:$C,MATCH(F157,'เครื่องมือแพทย์ (956)'!$B:$B,0)) -> Pulse Oximeter | H157: =INDEX('เครื่องมือแพทย์ (956)'!$E:$E,MATCH(F157,'เครื่องมือแพทย์ (956)'!$B:$B,0)) -> Masimo | I157: =INDEX('เครื่องมือแพทย์ (956)'!$F:$F,MATCH(F157,'เครื่องมือแพทย์ (956)'!$B:$B,0)) -> Rad-5v | J157: =INDEX('เครื่องมือแพทย์ (956)'!$G:$G,MATCH(F157,'เครื่องมือแพทย์ (956)'!$B:$B,0)) -> N23569 | K157: =INDEX('เครื่องมือแพทย์ (956)'!$J:$J,MATCH(F157,'เครื่องมือแพทย์ (956)'!$B:$B,0)) -> หน่วยเคมีบำบัดผู้ป่วยนอก 1 | L157: =INDEX('เครื่องมือแพทย์ (956)'!$K:$K,MATCH(F157,'เครื่องมือแพทย์ (956)'!$B:$B,0)) -> งานการพยาบาลผู้ป่วยนอกและผู้ป่วยฉุกเฉิน | M157: ฟิล์ม
A158: =TEXT(C158, "mmm") -> ก.ย. | B158: =TEXT(C158,"[$-41E]dddd") -> จันทร์ | C158: 46272 | D158: 69-15925 | E158: แล้วเสร็จ | F158: MEDCMU-019766 | G158: =INDEX('เครื่องมือแพทย์ (956)'!$C:$C,MATCH(F158,'เครื่องมือแพทย์ (956)'!$B:$B,0)) -> Pulse Oximeter | H158: =INDEX('เครื่องมือแพทย์ (956)'!$E:$E,MATCH(F158,'เครื่องมือแพทย์ (956)'!$B:$B,0)) -> Nonin | I158: =INDEX('เครื่องมือแพทย์ (956)'!$F:$F,MATCH(F158,'เครื่องมือแพทย์ (956)'!$B:$B,0)) -> 0 | J158: =INDEX('เครื่องมือแพทย์ (956)'!$G:$G,MATCH(F158,'เครื่องมือแพทย์ (956)'!$B:$B,0)) -> 0 | K158: =INDEX('เครื่องมือแพทย์ (956)'!$J:$J,MATCH(F158,'เครื่องมือแพทย์ (956)'!$B:$B,0)) -> สาขาวิชาโรคระบบหายใจและการนอนหลับ | L158: =INDEX('เครื่องมือแพทย์ (956)'!$K:$K,MATCH(F158,'เครื่องมือแพทย์ (956)'!$B:$B,0)) -> ภาควิชากุมารเวชศาสตร์ | M158: ฟิล์ม
A159: =TEXT(C159, "mmm") -> ก.ย. | B159: =TEXT(C159,"[$-41E]dddd") -> จันทร์ | C159: 46272 | D159: 69-15926 | E159: แล้วเสร็จ | F159: MEDCMU-019765 | G159: =INDEX('เครื่องมือแพทย์ (956)'!$C:$C,MATCH(F159,'เครื่องมือแพทย์ (956)'!$B:$B,0)) -> Pulse Oximeter | H159: =INDEX('เครื่องมือแพทย์ (956)'!$E:$E,MATCH(F159,'เครื่องมือแพทย์ (956)'!$B:$B,0)) -> Nellcor | I159: =INDEX('เครื่องมือแพทย์ (956)'!$F:$F,MATCH(F159,'เครื่องมือแพทย์ (956)'!$B:$B,0)) -> PM10N | J159: =INDEX('เครื่องมือแพทย์ (956)'!$G:$G,MATCH(F159,'เครื่องมือแพทย์ (956)'!$B:$B,0)) -> MBP1707013 | K159: =INDEX('เครื่องมือแพทย์ (956)'!$J:$J,MATCH(F159,'เครื่องมือแพทย์ (956)'!$B:$B,0)) -> สาขาวิชาโรคระบบหายใจและการนอนหลับ | L159: =INDEX('เครื่องมือแพทย์ (956)'!$K:$K,MATCH(F159,'เครื่องมือแพทย์ (956)'!$B:$B,0)) -> ภาควิชากุมารเวชศาสตร์ | M159: ฟิล์ม
A160: =TEXT(C160, "mmm") -> ก.ย. | B160: =TEXT(C160,"[$-41E]dddd") -> จันทร์ | C160: 46272 | D160: 69-15907 | E160: แล้วเสร็จ | F160: MEDCMU-000409 | G160: =INDEX('เครื่องมือแพทย์ (956)'!$C:$C,MATCH(F160,'เครื่องมือแพทย์ (956)'!$B:$B,0)) -> Vital Sign Monitors | H160: =INDEX('เครื่องมือแพทย์ (956)'!$E:$E,MATCH(F160,'เครื่องมือแพทย์ (956)'!$B:$B,0)) -> Goldway | I160: =INDEX('เครื่องมือแพทย์ (956)'!$F:$F,MATCH(F160,'เครื่องมือแพทย์ (956)'!$B:$B,0)) -> G30E | J160: =INDEX('เครื่องมือแพทย์ (956)'!$G:$G,MATCH(F160,'เครื่องมือแพทย์ (956)'!$B:$B,0)) -> CN50803282 | K160: =INDEX('เครื่องมือแพทย์ (956)'!$J:$J,MATCH(F160,'เครื่องมือแพทย์ (956)'!$B:$B,0)) -> หน่วยตรวจสวนหัวใจและหลอดเลือด | L160: =INDEX('เครื่องมือแพทย์ (956)'!$K:$K,MATCH(F160,'เครื่องมือแพทย์ (956)'!$B:$B,0)) -> งานการพยาบาลผู้ป่วยอายุรศาสตร์ | M160: ฟิล์ม
A161: =TEXT(C161, "mmm") -> ก.ย. | B161: =TEXT(C161,"[$-41E]dddd") -> จันทร์ | C161: 46272 | D161: 69-15908 | E161: แล้วเสร็จ | F161: MEDCMU-000410 | G161: =INDEX('เครื่องมือแพทย์ (956)'!$C:$C,MATCH(F161,'เครื่องมือแพทย์ (956)'!$B:$B,0)) -> Vital Sign Monitors | H161: =INDEX('เครื่องมือแพทย์ (956)'!$E:$E,MATCH(F161,'เครื่องมือแพทย์ (956)'!$B:$B,0)) -> Goldway | I161: =INDEX('เครื่องมือแพทย์ (956)'!$F:$F,MATCH(F161,'เครื่องมือแพทย์ (956)'!$B:$B,0)) -> G30E | J161: =INDEX('เครื่องมือแพทย์ (956)'!$G:$G,MATCH(F161,'เครื่องมือแพทย์ (956)'!$B:$B,0)) -> CN50803299 | K161: =INDEX('เครื่องมือแพทย์ (956)'!$J:$J,MATCH(F161,'เครื่องมือแพทย์ (956)'!$B:$B,0)) -> หน่วยตรวจสวนหัวใจและหลอดเลือด | L161: =INDEX('เครื่องมือแพทย์ (956)'!$K:$K,MATCH(F161,'เครื่องมือแพทย์ (956)'!$B:$B,0)) -> งานการพยาบาลผู้ป่วยอายุรศาสตร์ | M161: ฟิล์ม
A162: =TEXT(C162, "mmm") -> ก.ย. | B162: =TEXT(C162,"[$-41E]dddd") -> จันทร์ | C162: 46272 | D162: 69-15923 | E162: แล้วเสร็จ | F162: MEDCMU-019673 | G162: =INDEX('เครื่องมือแพทย์ (956)'!$C:$C,MATCH(F162,'เครื่องมือแพทย์ (956)'!$B:$B,0)) -> Vital Sign Monitors | H162: =INDEX('เครื่องมือแพทย์ (956)'!$E:$E,MATCH(F162,'เครื่องมือแพทย์ (956)'!$B:$B,0)) -> Heal-Force | I162: =INDEX('เครื่องมือแพทย์ (956)'!$F:$F,MATCH(F162,'เครื่องมือแพทย์ (956)'!$B:$B,0)) -> Classic-90 | J162: =INDEX('เครื่องมือแพทย์ (956)'!$G:$G,MATCH(F162,'เครื่องมือแพทย์ (956)'!$B:$B,0)) -> J2600TA00153 | K162: =INDEX('เครื่องมือแพทย์ (956)'!$J:$J,MATCH(F162,'เครื่องมือแพทย์ (956)'!$B:$B,0)) -> หอผู้ป่วยจักษุ 2 | L162: =INDEX('เครื่องมือแพทย์ (956)'!$K:$K,MATCH(F162,'เครื่องมือแพทย์ (956)'!$B:$B,0)) -> งานการพยาบาลผู้ป่วยทั่วไป จิตเวช จักษุและโสต ศอ นาสิก | M162: น้ำ
A163: =TEXT(C163, "mmm") -> ก.ย. | B163: =TEXT(C163,"[$-41E]dddd") -> จันทร์ | C163: 46272 | D163: 69-15968 | E163: แล้วเสร็จ | F163: MEDCMU-008296 | G163: =INDEX('เครื่องมือแพทย์ (956)'!$C:$C,MATCH(F163,'เครื่องมือแพทย์ (956)'!$B:$B,0)) -> Vital Sign Monitors | H163: =INDEX('เครื่องมือแพทย์ (956)'!$E:$E,MATCH(F163,'เครื่องมือแพทย์ (956)'!$B:$B,0)) -> Philips | I163: =INDEX('เครื่องมือแพทย์ (956)'!$F:$F,MATCH(F163,'เครื่องมือแพทย์ (956)'!$B:$B,0)) -> IntelliVue X2 | J163: =INDEX('เครื่องมือแพทย์ (956)'!$G:$G,MATCH(F163,'เครื่องมือแพทย์ (956)'!$B:$B,0)) -> 0 | K163: =INDEX('เครื่องมือแพทย์ (956)'!$J:$J,MATCH(F163,'เครื่องมือแพทย์ (956)'!$B:$B,0)) -> หอผู้ป่วยหนักศัลยกรรมทรวงอก หัวใจ และหลอดเลือด | L163: =INDEX('เครื่องมือแพทย์ (956)'!$K:$K,MATCH(F163,'เครื่องมือแพทย์ (956)'!$B:$B,0)) -> งานการพยาบาลผู้ป่วยศัลยศาสตร์ | M163: ฟิล์ม
A164: =TEXT(C164, "mmm") -> ก.ย. | B164: =TEXT(C164,"[$-41E]dddd") -> จันทร์ | C164: 46272 | D164: 69-15941 | E164: แล้วเสร็จ | F164: MEDCMU-008292 | G164: =INDEX('เครื่องมือแพทย์ (956)'!$C:$C,MATCH(F164,'เครื่องมือแพทย์ (956)'!$B:$B,0)) -> Pacemaker | H164: =INDEX('เครื่องมือแพทย์ (956)'!$E:$E,MATCH(F164,'เครื่องมือแพทย์ (956)'!$B:$B,0)) -> Medtronic | I164: =INDEX('เครื่องมือแพทย์ (956)'!$F:$F,MATCH(F164,'เครื่องมือแพทย์ (956)'!$B:$B,0)) -> 5392 | J164: =INDEX('เครื่องมือแพทย์ (956)'!$G:$G,MATCH(F164,'เครื่องมือแพทย์ (956)'!$B:$B,0)) -> DJH024351P | K164: =INDEX('เครื่องมือแพทย์ (956)'!$J:$J,MATCH(F164,'เครื่องมือแพทย์ (956)'!$B:$B,0)) -> หอผู้ป่วยหนักศัลยกรรมทรวงอก หัวใจ และหลอดเลือด | L164: =INDEX('เครื่องมือแพทย์ (956)'!$K:$K,MATCH(F164,'เครื่องมือแพทย์ (956)'!$B:$B,0)) -> งานการพยาบาลผู้ป่วยศัลยศาสตร์ | M164: ฟิล์ม
A165: =TEXT(C165, "mmm") -> ก.ย. | B165: =TEXT(C165,"[$-41E]dddd") -> จันทร์ | C165: 46272 | D165: 69-15922 | E165: แล้วเสร็จ | F165: MEDCMU-014289 | G165: =INDEX('เครื่องมือแพทย์ (956)'!$C:$C,MATCH(F165,'เครื่องมือแพทย์ (956)'!$B:$B,0)) -> Electrocardiography | H165: =INDEX('เครื่องมือแพทย์ (956)'!$E:$E,MATCH(F165,'เครื่องมือแพทย์ (956)'!$B:$B,0)) -> Nihon Kohden | I165: =INDEX('เครื่องมือแพทย์ (956)'!$F:$F,MATCH(F165,'เครื่องมือแพทย์ (956)'!$B:$B,0)) -> ECG-2350 | J165: =INDEX('เครื่องมือแพทย์ (956)'!$G:$G,MATCH(F165,'เครื่องมือแพทย์ (956)'!$B:$B,0)) -> 0112601 | K165: =INDEX('เครื่องมือแพทย์ (956)'!$J:$J,MATCH(F165,'เครื่องมือแพทย์ (956)'!$B:$B,0)) -> Clinical Pharmacology Unit (CPU) | L165: =INDEX('เครื่องมือแพทย์ (956)'!$K:$K,MATCH(F165,'เครื่องมือแพทย์ (956)'!$B:$B,0)) -> ภาควิชาเภสัชวิทยา | M165: น้ำ
A166: =TEXT(C166, "mmm") -> ก.ย. | B166: =TEXT(C166,"[$-41E]dddd") -> จันทร์ | C166: 46272 | D166: 69-15916 | E166: แล้วเสร็จ | F166: MEDCMU-021463 | G166: =INDEX('เครื่องมือแพทย์ (956)'!$C:$C,MATCH(F166,'เครื่องมือแพทย์ (956)'!$B:$B,0)) -> Vital Sign Monitors | H166: =INDEX('เครื่องมือแพทย์ (956)'!$E:$E,MATCH(F166,'เครื่องมือแพทย์ (956)'!$B:$B,0)) -> Nihon Kohden | I166: =INDEX('เครื่องมือแพทย์ (956)'!$F:$F,MATCH(F166,'เครื่องมือแพทย์ (956)'!$B:$B,0)) -> SVM-7601 | J166: =INDEX('เครื่องมือแพทย์ (956)'!$G:$G,MATCH(F166,'เครื่องมือแพทย์ (956)'!$B:$B,0)) -> 0018845 | K166: =INDEX('เครื่องมือแพทย์ (956)'!$J:$J,MATCH(F166,'เครื่องมือแพทย์ (956)'!$B:$B,0)) -> หอผู้ป่วยศัลยกรรมหญิง 3 | L166: =INDEX('เครื่องมือแพทย์ (956)'!$K:$K,MATCH(F166,'เครื่องมือแพทย์ (956)'!$B:$B,0)) -> งานการพยาบาลผู้ป่วยศัลยศาสตร์ | M166: ฟิล์ม
A167: =TEXT(C167, "mmm") -> ก.ย. | B167: =TEXT(C167,"[$-41E]dddd") -> จันทร์ | C167: 46272 | D167: 69-15924 | E167: แล้วเสร็จ | F167: MEDCMU-005042 | G167: =INDEX('เครื่องมือแพทย์ (956)'!$C:$C,MATCH(F167,'เครื่องมือแพทย์ (956)'!$B:$B,0)) -> Vital Sign Monitors | H167: =INDEX('เครื่องมือแพทย์ (956)'!$E:$E,MATCH(F167,'เครื่องมือแพทย์ (956)'!$B:$B,0)) -> Masimo | I167: =INDEX('เครื่องมือแพทย์ (956)'!$F:$F,MATCH(F167,'เครื่องมือแพทย์ (956)'!$B:$B,0)) -> Rad-97 | J167: =INDEX('เครื่องมือแพทย์ (956)'!$G:$G,MATCH(F167,'เครื่องมือแพทย์ (956)'!$B:$B,0)) -> 3000017007 | K167: =INDEX('เครื่องมือแพทย์ (956)'!$J:$J,MATCH(F167,'เครื่องมือแพทย์ (956)'!$B:$B,0)) -> หอผู้ป่วยสูติกรรม | L167: =INDEX('เครื่องมือแพทย์ (956)'!$K:$K,MATCH(F167,'เครื่องมือแพทย์ (956)'!$B:$B,0)) -> งานการพยาบาลผู้ป่วยสูติศาสตร์และนรีเวชวิทยา | M167: อั้ม | N167: ขอภายในวัน
A168: =TEXT(C168, "mmm") -> ก.ย. | B168: =TEXT(C168,"[$-41E]dddd") -> จันทร์ | C168: 46272 | D168: 69-15914 | E168: แล้วเสร็จ | F168: MEDCMU-005039 | G168: =INDEX('เครื่องมือแพทย์ (956)'!$C:$C,MATCH(F168,'เครื่องมือแพทย์ (956)'!$B:$B,0)) -> Pulse Oximeter | H168: =INDEX('เครื่องมือแพทย์ (956)'!$E:$E,MATCH(F168,'เครื่องมือแพทย์ (956)'!$B:$B,0)) -> Ohmeda | I168: =INDEX('เครื่องมือแพทย์ (956)'!$F:$F,MATCH(F168,'เครื่องมือแพทย์ (956)'!$B:$B,0)) -> Biox 3740 | J168: =INDEX('เครื่องมือแพทย์ (956)'!$G:$G,MATCH(F168,'เครื่องมือแพทย์ (956)'!$B:$B,0)) -> FNQX01067 | K168: =INDEX('เครื่องมือแพทย์ (956)'!$J:$J,MATCH(F168,'เครื่องมือแพทย์ (956)'!$B:$B,0)) -> หอผู้ป่วยสูติกรรม | L168: =INDEX('เครื่องมือแพทย์ (956)'!$K:$K,MATCH(F168,'เครื่องมือแพทย์ (956)'!$B:$B,0)) -> งานการพยาบาลผู้ป่วยสูติศาสตร์และนรีเวชวิทยา | M168: อั้ม | N168: ขอภายในวัน
A169: =TEXT(C169, "mmm") -> ก.ย. | B169: =TEXT(C169,"[$-41E]dddd") -> จันทร์ | C169: 46272 | D169: 69-15938 | E169: แล้วเสร็จ | F169: MEDCMU-010665 | G169: =INDEX('เครื่องมือแพทย์ (956)'!$C:$C,MATCH(F169,'เครื่องมือแพทย์ (956)'!$B:$B,0)) -> Electrocardiography | H169: =INDEX('เครื่องมือแพทย์ (956)'!$E:$E,MATCH(F169,'เครื่องมือแพทย์ (956)'!$B:$B,0)) -> Nihon Kohden | I169: =INDEX('เครื่องมือแพทย์ (956)'!$F:$F,MATCH(F169,'เครื่องมือแพทย์ (956)'!$B:$B,0)) -> Cardiofax M | J169: =INDEX('เครื่องมือแพทย์ (956)'!$G:$G,MATCH(F169,'เครื่องมือแพทย์ (956)'!$B:$B,0)) -> 09633 | K169: =INDEX('เครื่องมือแพทย์ (956)'!$J:$J,MATCH(F169,'เครื่องมือแพทย์ (956)'!$B:$B,0)) -> หอผู้ป่วยวิกฤตศัลยกรรมทรวงอก หัวใจ และหลอดเลือด | L169: =INDEX('เครื่องมือแพทย์ (956)'!$K:$K,MATCH(F169,'เครื่องมือแพทย์ (956)'!$B:$B,0)) -> งานการพยาบาลผู้ป่วยศัลยศาสตร์ | M169: น้ำ
...

Sheet เครื่องมือแพทย์ (956)
A1: ลำดับ | B1: รหัสเครื่อง | C1: ชื่อเครื่อง | D1: ชื่อเครื่องภาษาไทย | E1: ยี่ห้อ | F1: รุ่น | G1: SerialNo | H1: เลขครุภัณฑ์ | I1: ชื่อหน่วยงานเจ้าของเครื่อง | J1: ชื่อหน่วยงานที่ใช้เครื่อง | K1: งาน | L1: จองคิว | M1: หมายเหตุ | N1: STATUS (NH) | O1: DATE | P1: หมายเหตุ N Health | Q1: เปลี่ยน AC Plug | R1: Battery เสื่อม | S1: Battery Bios เสื่อม
A2: 1 | B2: MEDCMU-000022 | C2: Vital Sign Monitors | D2: เครื่องติดตามการทำงานของหัวใจและสัญญาณชีพ | E2: Philips | F2: Efficia CM10 | G2: CN62637717 | H2: DF(1)09-6515-026-0023/62(6) | I2: หอผู้ป่วยปลูกถ่ายไขกระดูกและให้เคมีบำบัดขนาดสูง | J2: หอผู้ป่วยปลูกถ่ายไขกระดูกและให้เคมีบำบัดขนาดสูง | K2: งานการพยาบาลผู้ป่วยอายุรศาสตร์ | L2: =INDEX(จองคิว!$C:$C,MATCH('เครื่องมือแพทย์ (956)'!B2,จองคิว!$F:$F,0)) -> 46268 | N2: PASS | O2: 46268 | P2: ไม่มี EKG,SpO2 มาให้ใช้ของเครื่องอื่นในการสอบเทียบ , ผ้า Cuff มีลมรั่ว
A3: 2 | B3: MEDCMU-000040 | C3: Electrocardiography | D3: เครื่องตรวจวิเคราะห์คลื่นไฟฟ้าหัวใจ | E3: Philips | F3: PageWriter TC10 | G3: CNN1810996 | H3: DF(1)09-6545-018-0262/62(1) | I3: หอผู้ป่วยปลูกถ่ายไขกระดูกและให้เคมีบำบัดขนาดสูง | J3: หอผู้ป่วยปลูกถ่ายไขกระดูกและให้เคมีบำบัดขนาดสูง | K3: งานการพยาบาลผู้ป่วยอายุรศาสตร์ | L3: =INDEX(จองคิว!$C:$C,MATCH('เครื่องมือแพทย์ (956)'!B3,จองคิว!$F:$F,0)) -> 46268 | N3: PASS | O3: 46268 | P3: Battery เสื่อมสภาพ | R3: /
A4: 3 | B4: MEDCMU-000046 | C4: Vital Sign Monitors | D4: เครื่องติดตามการทำงานของหัวใจและสัญญาณชีพ | E4: Philips | F4: Efficia CM10 | G4: CN62637715 | H4: DF(1)09-6515-026-0023/62(3) | I4: หอผู้ป่วยปลูกถ่ายไขกระดูกและให้เคมีบำบัดขนาดสูง | J4: หอผู้ป่วยปลูกถ่ายไขกระดูกและให้เคมีบำบัดขนาดสูง | K4: งานการพยาบาลผู้ป่วยอายุรศาสตร์ | L4: =INDEX(จองคิว!$C:$C,MATCH('เครื่องมือแพทย์ (956)'!B4,จองคิว!$F:$F,0)) -> 46268 | N4: PASS | O4: 46268
A5: 4 | B5: MEDCMU-000049 | C5: Vital Sign Monitors | D5: เครื่องติดตามการทำงานของหัวใจและสัญญาณชีพ | E5: Philips | F5: Efficia CM10 | G5: CN62637713 | H5: DF(1)09-6515-026-0023/62(5) | I5: หอผู้ป่วยปลูกถ่ายไขกระดูกและให้เคมีบำบัดขนาดสูง | J5: หอผู้ป่วยปลูกถ่ายไขกระดูกและให้เคมีบำบัดขนาดสูง | K5: งานการพยาบาลผู้ป่วยอายุรศาสตร์ | L5: =INDEX(จองคิว!$C:$C,MATCH('เครื่องมือแพทย์ (956)'!B5,จองคิว!$F:$F,0)) -> 46268 | N5: PASS | O5: 46268
A6: 5 | B6: MEDCMU-000055 | C6: Vital Sign Monitors | D6: เครื่องติดตามการทำงานของหัวใจและสัญญาณชีพ | E6: Bionet | F6: BM5 | G6: D8O040021 | H6: HI920209-6515-026-0003/56(18) | I6: หอผู้ป่วยปลูกถ่ายไขกระดูกและให้เคมีบำบัดขนาดสูง | J6: หอผู้ป่วยปลูกถ่ายไขกระดูกและให้เคมีบำบัดขนาดสูง | K6: งานการพยาบาลผู้ป่วยอายุรศาสตร์ | L6: =INDEX(จองคิว!$C:$C,MATCH('เครื่องมือแพทย์ (956)'!B6,จองคิว!$F:$F,0)) -> 46268 | N6: PASS | O6: 46268 | P6: ฉนวนหุ้มสาย EKG เสื่อมสภาพ , Battery เสื่อมสภาพ | R6: /
A7: 6 | B7: MEDCMU-000057 | C7: Vital Sign Monitors | D7: เครื่องติดตามการทำงานของหัวใจและสัญญาณชีพ | E7: Philips | F7: Efficia CM10 | G7: CN62635735 | H7: DF(1)09-6515-026-0023/62(7) | I7: หอผู้ป่วยปลูกถ่ายไขกระดูกและให้เคมีบำบัดขนาดสูง | J7: หอผู้ป่วยปลูกถ่ายไขกระดูกและให้เคมีบำบัดขนาดสูง | K7: งานการพยาบาลผู้ป่วยอายุรศาสตร์ | L7: =INDEX(จองคิว!$C:$C,MATCH('เครื่องมือแพทย์ (956)'!B7,จองคิว!$F:$F,0)) -> 46268 | N7: PASS | O7: 46268
A8: 7 | B8: MEDCMU-000070 | C8: Vital Sign Monitors | D8: เครื่องติดตามการทำงานของหัวใจและสัญญาณชีพ | E8: Bionet | F8: BM5 | G8: D8O0600071 | H8: HI920209-6515-026-0003/57(8) | I8: หอผู้ป่วยปลูกถ่ายไขกระดูกและให้เคมีบำบัดขนาดสูง | J8: หอผู้ป่วยปลูกถ่ายไขกระดูกและให้เคมีบำบัดขนาดสูง | K8: งานการพยาบาลผู้ป่วยอายุรศาสตร์ | L8: =INDEX(จองคิว!$C:$C,MATCH('เครื่องมือแพทย์ (956)'!B8,จองคิว!$F:$F,0)) -> 46268 | N8: PASS | O8: 46268
A9: 8 | B9: MEDCMU-000076 | C9: Vital Sign Monitors | D9: เครื่องติดตามการทำงานของหัวใจและสัญญาณชีพ | E9: Philips | F9: Efficia CM10 | G9: CN62637716 | H9: DF(1)09-6515-026-0023/62(2) | I9: หอผู้ป่วยปลูกถ่ายไขกระดูกและให้เคมีบำบัดขนาดสูง | J9: หอผู้ป่วยปลูกถ่ายไขกระดูกและให้เคมีบำบัดขนาดสูง | K9: งานการพยาบาลผู้ป่วยอายุรศาสตร์ | L9: =INDEX(จองคิว!$C:$C,MATCH('เครื่องมือแพทย์ (956)'!B9,จองคิว!$F:$F,0)) -> 46268 | N9: PASS | O9: 46268
A10: 9 | B10: MEDCMU-000082 | C10: Vital Sign Monitors | D10: เครื่องติดตามการทำงานของหัวใจและสัญญาณชีพ | E10: Philips | F10: Efficia CM10 | G10: CN62637714 | H10: DF(1)09-6515-026-0023/62(4) | I10: หอผู้ป่วยปลูกถ่ายไขกระดูกและให้เคมีบำบัดขนาดสูง | J10: หอผู้ป่วยปลูกถ่ายไขกระดูกและให้เคมีบำบัดขนาดสูง | K10: งานการพยาบาลผู้ป่วยอายุรศาสตร์ | L10: =INDEX(จองคิว!$C:$C,MATCH('เครื่องมือแพทย์ (956)'!B10,จองคิว!$F:$F,0)) -> 46268 | N10: PASS | O10: 46268
A11: 10 | B11: MEDCMU-000101 | C11: Vital Sign Monitors | D11: เครื่องติดตามการทำงานของหัวใจและสัญญาณชีพ | E11: Philips | F11: Efficia CM100 | G11: CN62626250 | H11: DF0409-6545-018-0211/59(5) | I11: หน่วยเปลี่ยนไตและไตเทียม | J11: หน่วยเปลี่ยนไตและไตเทียม | K11: งานการพยาบาลผู้ป่วยอายุรศาสตร์ | L11: =INDEX(จองคิว!$C:$C,MATCH('เครื่องมือแพทย์ (956)'!B11,จองคิว!$F:$F,0)) -> 46288 | N11: PASS | O11: 46288
A12: 11 | B12: MEDCMU-000102 | C12: Vital Sign Monitors | D12: เครื่องติดตามการทำงานของหัวใจและสัญญาณชีพ | E12: Philips | F12: Efficia CM100 | G12: CN62626316 | H12: DF0409-6545-018-0211/59(7) | I12: หน่วยเปลี่ยนไตและไตเทียม | J12: หน่วยเปลี่ยนไตและไตเทียม | K12: งานการพยาบาลผู้ป่วยอายุรศาสตร์ | L12: =INDEX(จองคิว!$C:$C,MATCH('เครื่องมือแพทย์ (956)'!B12,จองคิว!$F:$F,0)) -> 46288 | N12: PASS | O12: 46288
A13: 12 | B13: MEDCMU-000103 | C13: Vital Sign Monitors | D13: เครื่องติดตามการทำงานของหัวใจและสัญญาณชีพ | E13: Philips | F13: Efficia CM100 | G13: CN62626241 | H13: DF0409-6545-018-0211/59(6) | I13: หน่วยเปลี่ยนไตและไตเทียม | J13: หน่วยเปลี่ยนไตและไตเทียม | K13: งานการพยาบาลผู้ป่วยอายุรศาสตร์ | L13: =INDEX(จองคิว!$C:$C,MATCH('เครื่องมือแพทย์ (956)'!B13,จองคิว!$F:$F,0)) -> 46288 | N13: PASS | O13: 46288
A14: 13 | B14: MEDCMU-000203 | C14: Electrocardiography | D14: เครื่องตรวจวิเคราะห์คลื่นไฟฟ้าหัวใจ | E14: Fukuda Denshi | F14: Cardimax FX-7102 | G14: 50002158 | H14: HI920209-6530-008-0009/54(1) | I14: หน่วยไตเทียมฉุกเฉิน | J14: หน่วยไตเทียมฉุกเฉิน | K14: งานการพยาบาลผู้ป่วยอายุรศาสตร์ | L14: =INDEX(จองคิว!$C:$C,MATCH('เครื่องมือแพทย์ (956)'!B14,จองคิว!$F:$F,0)) -> 46286 | N14: PASS | O14: 46286 | P14: Battery เสื่อมสภาพ | R14: /
A15: 14 | B15: MEDCMU-000244 | C15: Vital Sign Monitors | D15: เครื่องติดตามการทำงานของหัวใจและสัญญาณชีพ | E15: Philips | F15: Efficia CM100 | G15: CN62626223 | H15: DF0409-6545-018-0211/59(3) | I15: หน่วยไตเทียมฉุกเฉิน | J15: หน่วยไตเทียมฉุกเฉิน | K15: งานการพยาบาลผู้ป่วยอายุรศาสตร์ | L15: =INDEX(จองคิว!$C:$C,MATCH('เครื่องมือแพทย์ (956)'!B15,จองคิว!$F:$F,0)) -> 46286 | N15: PASS | O15: 46286
A16: 15 | B16: MEDCMU-000245 | C16: Vital Sign Monitors | D16: เครื่องติดตามการทำงานของหัวใจและสัญญาณชีพ | E16: Philips | F16: Efficia CM100 | G16: CN62626227 | H16: DF0409-6545-018-0211/59(2) | I16: หน่วยไตเทียมฉุกเฉิน | J16: หน่วยไตเทียมฉุกเฉิน | K16: งานการพยาบาลผู้ป่วยอายุรศาสตร์ | L16: =INDEX(จองคิว!$C:$C,MATCH('เครื่องมือแพทย์ (956)'!B16,จองคิว!$F:$F,0)) -> 46286 | N16: PASS | O16: 46286
A17: 16 | B17: MEDCMU-000246 | C17: Vital Sign Monitors | D17: เครื่องติดตามการทำงานของหัวใจและสัญญาณชีพ | E17: Philips | F17: Efficia CM100 | G17: CN62626246 | H17: DF0409-6545-018-0211/59(4) | I17: หน่วยไตเทียมฉุกเฉิน | J17: หน่วยไตเทียมฉุกเฉิน | K17: งานการพยาบาลผู้ป่วยอายุรศาสตร์ | L17: =INDEX(จองคิว!$C:$C,MATCH('เครื่องมือแพทย์ (956)'!B17,จองคิว!$F:$F,0)) -> 46286 | N17: PASS | O17: 46286
A18: 17 | B18: MEDCMU-000247 | C18: Vital Sign Monitors | D18: เครื่องติดตามการทำงานของหัวใจและสัญญาณชีพ | E18: Philips | F18: SureSigns VM4 | G18: US12558612 | H18: HI920209-6695-019-0057/55(16) | I18: หน่วยไตเทียมฉุกเฉิน | J18: หน่วยไตเทียมฉุกเฉิน | K18: งานการพยาบาลผู้ป่วยอายุรศาสตร์ | L18: =INDEX(จองคิว!$C:$C,MATCH('เครื่องมือแพทย์ (956)'!B18,จองคิว!$F:$F,0)) -> 46286 | N18: PASS | O18: 46286 | P18: Battery เสื่อมสภาพ
A19: 18 | B19: MEDCMU-000281 | C19: Vital Sign Monitors | D19: เครื่องติดตามการทำงานของหัวใจและสัญญาณชีพ | E19: GE | F19: Dinamap Pro 1000 | G19: WAA06460043SA | H19: HI09-6515-280-0001/50.4 | I19: หอผู้ป่วยวิกฤตโรคหลอดเลือดสมอง | J19: หอผู้ป่วยวิกฤตโรคหลอดเลือดสมอง | K19: งานการพยาบาลผู้ป่วยอายุรศาสตร์ | L19: ชำรุด | M19: ชำรุด / รออะไหล่ | N19: DEFECTIVE | O19: 46294 | P19: ส่งซ่อมเครื่องมือแพทย์
A20: 19 | B20: MEDCMU-000282 | C20: Vital Sign Monitors | D20: เครื่องติดตามการทำงานของหัวใจและสัญญาณชีพ | E20: GE | F20: Dinamap Pro 1000 | G20: WAA06420006SA | H20: H09-6515-280-0001/50.3 | I20: หอผู้ป่วยวิกฤตโรคหลอดเลือดสมอง | J20: หอผู้ป่วยวิกฤตโรคหลอดเลือดสมอง | K20: งานการพยาบาลผู้ป่วยอายุรศาสตร์ | L20: คืนพัสดุ | M20: หน่วยงานแจ้งว่าคืนพัสดุแล้ว / รอเอกสารยืนยัน | N20: ยกเลิกการใช้งาน | O20: 46294
A21: 20 | B21: MEDCMU-000283 | C21: Vital Sign Monitors | D21: เครื่องติดตามการทำงานของหัวใจและสัญญาณชีพ | E21: GE | F21: IntelliVue MP20 | G21: DE72877721 | H21: DF09-6545-018-0032/56(1) | I21: หอผู้ป่วยวิกฤตโรคหลอดเลือดสมอง | J21: หอผู้ป่วยวิกฤตโรคหลอดเลือดสมอง | K21: งานการพยาบาลผู้ป่วยอายุรศาสตร์ | L21: =INDEX(จองคิว!$C:$C,MATCH('เครื่องมือแพทย์ (956)'!B21,จองคิว!$F:$F,0)) -> 46288 | M21: หน่วยงานแจ้งว่าแทงชำรุดแล้ว / รอเอกสารยืนยัน | N21: PASS | O21: 46288
A22: 21 | B22: MEDCMU-000287 | C22: Vital Sign Monitors | D22: เครื่องติดตามการทำงานของหัวใจและสัญญาณชีพ | E22: Philips | F22: IntelliVue MP20 | G22: DE72877736 | H22: DF09-6545-018-0032/56(2) | I22: หอผู้ป่วยวิกฤตโรคหลอดเลือดสมอง | J22: หอผู้ป่วยวิกฤตโรคหลอดเลือดสมอง | K22: งานการพยาบาลผู้ป่วยอายุรศาสตร์ | L22: ชำรุด | M22: ชำรุด / รออะไหล่ | N22: PASS | O22: 46288
A23: 22 | B23: MEDCMU-000301 | C23: Vital Sign Monitors | D23: เครื่องติดตามการทำงานของหัวใจและสัญญาณชีพ | E23: Philips | F23: SureSigns VM4 | G23: US94339201 | H23: HI920209-6695-021-0709/53(5) | I23: หอผู้ป่วยวิกฤตโรคหลอดเลือดสมอง | J23: หอผู้ป่วยวิกฤตโรคหลอดเลือดสมอง | K23: งานการพยาบาลผู้ป่วยอายุรศาสตร์ | L23: =INDEX(จองคิว!$C:$C,MATCH('เครื่องมือแพทย์ (956)'!B23,จองคิว!$F:$F,0)) -> 46288 | N23: PASS | O23: 46288 | P23: สาย SpO2 ชำรุดใช้ของเครื่องอื่นในการสอบเทียบ
A24: 23 | B24: MEDCMU-000388 | C24: Vital Sign Monitors | D24: เครื่องติดตามการทำงานของหัวใจและสัญญาณชีพ | E24: Edan | F24: iM20 | G24: 260374-M19205210002 | H24: DF(1)09-6545-018-0389/62(1) | I24: หน่วยตรวจสวนหัวใจและหลอดเลือด | J24: หน่วยตรวจสวนหัวใจและหลอดเลือด | K24: งานการพยาบาลผู้ป่วยอายุรศาสตร์ | L24: =INDEX(จองคิว!$C:$C,MATCH('เครื่องมือแพทย์ (956)'!B24,จองคิว!$F:$F,0)) -> 46268 | N24: PASS | O24: 46268
A25: 24 | B25: MEDCMU-000393 | C25: Pacemaker | D25: เครื่องเครื่องควบคุมจังหวะการเต้นของหัวใจ | E25: Medtronic | F25: 5348 | G25: PEP006209P | H25: 6515-345-011/4-40 1-3 | I25: หน่วยตรวจสวนหัวใจและหลอดเลือด | J25: หน่วยตรวจสวนหัวใจและหลอดเลือด | K25: งานการพยาบาลผู้ป่วยอายุรศาสตร์ | L25: =INDEX(จองคิว!$C:$C,MATCH('เครื่องมือแพทย์ (956)'!B25,จองคิว!$F:$F,0)) -> 46269 | N25: PASS | O25: 46269
A26: 25 | B26: MEDCMU-000399 | C26: Vital Sign Monitors | D26: เครื่องติดตามการทำงานของหัวใจและสัญญาณชีพ | E26: Edan | F26: iM60 | G26: 360079-M19408240001 | H26: DF(1)09-6545-018-0340/63(1) | I26: หน่วยตรวจพิเศษทางระบบหัวใจ และหลอดเลือดแบบภายนอก | J26: หน่วยตรวจพิเศษทางระบบหัวใจ และหลอดเลือดแบบภายนอก | K26: งานการพยาบาลผู้ป่วยอายุรศาสตร์ | L26: =INDEX(จองคิว!$C:$C,MATCH('เครื่องมือแพทย์ (956)'!B26,จองคิว!$F:$F,0)) -> 46268 | N26: PASS | O26: 46268 | P26: Battery เสื่อมสภาพ | R26: /
A27: 26 | B27: MEDCMU-000403 | C27: Electrosurgical Unit | D27: เครื่องจี้และตัดด้วยไฟฟ้า | E27: Erbe | F27: Vio 100 C | G27: 11309574 | H27: DF(1)09-6695-021-0831/52(1) | I27: หน่วยตรวจสวนหัวใจและหลอดเลือด | J27: หน่วยตรวจสวนหัวใจและหลอดเลือด | K27: งานการพยาบาลผู้ป่วยอายุรศาสตร์ | L27: =INDEX(จองคิว!$C:$C,MATCH('เครื่องมือแพทย์ (956)'!B27,จองคิว!$F:$F,0)) -> 46268 | N27: OUT OF RANGE | O27: 46268 | P27: สอบเทียบไม่ผ่าน ค่า Bipolar ต่ำกว่าเกณฑ์ (+-20% : 10 = 5)
A28: 27 | B28: MEDCMU-000406 | C28: Vital Sign Monitors | D28: เครื่องติดตามการทำงานของหัวใจและสัญญาณชีพ | E28: Philips | F28: SureSigns VM4 | G28: US90328532 | H28: HI920209-6695-021-0815/52(2) | I28: หน่วยตรวจสวนหัวใจและหลอดเลือด | J28: หน่วยตรวจสวนหัวใจและหลอดเลือด | K28: งานการพยาบาลผู้ป่วยอายุรศาสตร์ | L28: =INDEX(จองคิว!$C:$C,MATCH('เครื่องมือแพทย์ (956)'!B28,จองคิว!$F:$F,0)) -> 46268 | N28: PASS | O28: 46268
A29: 28 | B29: MEDCMU-000407 | C29: Vital Sign Monitors | D29: เครื่องติดตามการทำงานของหัวใจและสัญญาณชีพ | E29: Philips | F29: SureSigns VM4 | G29: US90328524 | H29: HI920209-6695-021-0815/52(1) | I29: หน่วยตรวจสวนหัวใจและหลอดเลือด | J29: หน่วยตรวจสวนหัวใจและหลอดเลือด | K29: งานการพยาบาลผู้ป่วยอายุรศาสตร์ | L29: =INDEX(จองคิว!$C:$C,MATCH('เครื่องมือแพทย์ (956)'!B29,จองคิว!$F:$F,0)) -> 46269 | N29: PASS | O29: 46269 | P29: AC Plug ขา Ground หัก เปลี่ยนสายไฟเส้นใหม่เรียบร้อย | Q29: /
A30: 29 | B30: MEDCMU-000408 | C30: Vital Sign Monitors | D30: เครื่องติดตามการทำงานของหัวใจและสัญญาณชีพ | E30: Goldway | F30: G30E | G30: CN50803278 | H30: HI220209-6545-018-0243/61(2) | I30: หน่วยตรวจสวนหัวใจและหลอดเลือด | J30: หน่วยตรวจสวนหัวใจและหลอดเลือด | K30: งานการพยาบาลผู้ป่วยอายุรศาสตร์ | L30: =INDEX(จองคิว!$C:$C,MATCH('เครื่องมือแพทย์ (956)'!B30,จองคิว!$F:$F,0)) -> 46269 | N30: PASS | O30: 46269
A31: 30 | B31: MEDCMU-000409 | C31: Vital Sign Monitors | D31: เครื่องติดตามการทำงานของหัวใจและสัญญาณชีพ | E31: Goldway | F31: G30E | G31: CN50803282 | H31: HI920209-6545-018-0243/61(3) | I31: หน่วยตรวจสวนหัวใจและหลอดเลือด | J31: หน่วยตรวจสวนหัวใจและหลอดเลือด | K31: งานการพยาบาลผู้ป่วยอายุรศาสตร์ | L31: =INDEX(จองคิว!$C:$C,MATCH('เครื่องมือแพทย์ (956)'!B31,จองคิว!$F:$F,0)) -> 46272 | N31: PASS | O31: 46272
A32: 31 | B32: MEDCMU-000410 | C32: Vital Sign Monitors | D32: เครื่องติดตามการทำงานของหัวใจและสัญญาณชีพ | E32: Goldway | F32: G30E | G32: CN50803299 | H32: HI920209-6545-018-0243/61(1) | I32: หน่วยตรวจสวนหัวใจและหลอดเลือด | J32: หน่วยตรวจสวนหัวใจและหลอดเลือด | K32: งานการพยาบาลผู้ป่วยอายุรศาสตร์ | L32: =INDEX(จองคิว!$C:$C,MATCH('เครื่องมือแพทย์ (956)'!B32,จองคิว!$F:$F,0)) -> 46272 | N32: PASS | O32: 46272
A33: 32 | B33: MEDCMU-000441 | C33: Vital Sign Monitors | D33: เครื่องติดตามการทำงานของหัวใจและสัญญาณชีพ | E33: Lutech | F33: Datalys 760 | G33: KD180626016 | H33: DF0409-6545-018-0451/62(4) | I33: หน่วยตรวจพิเศษทางระบบหัวใจ และหลอดเลือดแบบภายนอก | J33: หน่วยตรวจพิเศษทางระบบหัวใจ และหลอดเลือดแบบภายนอก | K33: งานการพยาบาลผู้ป่วยอายุรศาสตร์ | L33: =INDEX(จองคิว!$C:$C,MATCH('เครื่องมือแพทย์ (956)'!B33,จองคิว!$F:$F,0)) -> 46268 | N33: PASS | O33: 46268 | P33: Battery เสื่อมสภาพ | R33: /
A34: 33 | B34: MEDCMU-000454 | C34: Vital Sign Monitors | D34: เครื่องติดตามการทำงานของหัวใจและสัญญาณชีพ | E34: Philips | F34: SureSigns VM4 | G34: US94347182 | H34: HI920209-6670-001-0273/54(3) | I34: หน่วยตรวจพิเศษทางระบบหัวใจ และหลอดเลือดแบบภายนอก | J34: หน่วยตรวจพิเศษทางระบบหัวใจ และหลอดเลือดแบบภายนอก | K34: งานการพยาบาลผู้ป่วยอายุรศาสตร์ | L34: =INDEX(จองคิว!$C:$C,MATCH('เครื่องมือแพทย์ (956)'!B34,จองคิว!$F:$F,0)) -> 46268 | N34: PASS | O34: 46268 | P34: ไม่ได้สอบเทียบโหมด EKG เนื่องจากไม่มีสายและแผนกไม่ได้ใช้งานโหมดนี้
A35: 34 | B35: MEDCMU-000553 | C35: Electrocardiography | D35: เครื่องตรวจวิเคราะห์คลื่นไฟฟ้าหัวใจ | E35: Philips | F35: PageWriter TC10 | G35: CN01702979 | H35: DF0409-6545-018-0387/61(1) | I35: หอผู้ป่วยหนักโรคหัวใจและหลอดเลือด 1 | J35: หอผู้ป่วยหนักโรคหัวใจและหลอดเลือด 1 | K35: งานการพยาบาลผู้ป่วยอายุรศาสตร์ | L35: =INDEX(จองคิว!$C:$C,MATCH('เครื่องมือแพทย์ (956)'!B35,จองคิว!$F:$F,0)) -> 46279 | N35: PASS | O35: 46279 | P35: Battery เสื่อมสภาพ | R35: /
A36: 35 | B36: MEDCMU-000554 | C36: Electrocardiography | D36: เครื่องตรวจวิเคราะห์คลื่นไฟฟ้าหัวใจ | E36: Nihon Kohden | F36: Cardiofax M | G36: 112588 | H36: HI920209-6545-018-0384/62(1) | I36: หอผู้ป่วยหนักโรคหัวใจและหลอดเลือด 1 | J36: หอผู้ป่วยหนักโรคหัวใจและหลอดเลือด 1 | K36: งานการพยาบาลผู้ป่วยอายุรศาสตร์ | L36: =INDEX(จองคิว!$C:$C,MATCH('เครื่องมือแพทย์ (956)'!B36,จองคิว!$F:$F,0)) -> 46279 | N36: PASS | O36: 46279
A37: 36 | B37: MEDCMU-000555 | C37: Vital Sign Monitors | D37: เครื่องติดตามการทำงานของหัวใจและสัญญาณชีพ | E37: Philips | F37: IntelliVue MP20 | G37: DE72838269 | H37: HI09-6515-021-0008/51(1) | I37: หอผู้ป่วยหนักโรคหัวใจและหลอดเลือด 1 | J37: หอผู้ป่วยหนักโรคหัวใจและหลอดเลือด 1 | K37: งานการพยาบาลผู้ป่วยอายุรศาสตร์ | L37: =INDEX(จองคิว!$C:$C,MATCH('เครื่องมือแพทย์ (956)'!B37,จองคิว!$F:$F,0)) -> 46279 | N37: PASS | O37: 46279
A38: 37 | B38: MEDCMU-000556 | C38: Vital Sign Monitors | D38: เครื่องติดตามการทำงานของหัวใจและสัญญาณชีพ | E38: Philips | F38: IntelliVue X2 | G38: DE83635001 | H38: HI920209-6695-021-0928/53(3) | I38: หอผู้ป่วยหนักโรคหัวใจและหลอดเลือด 1 | J38: หอผู้ป่วยหนักโรคหัวใจและหลอดเลือด 1 | K38: งานการพยาบาลผู้ป่วยอายุรศาสตร์ | L38: =INDEX(จองคิว!$C:$C,MATCH('เครื่องมือแพทย์ (956)'!B38,จองคิว!$F:$F,0)) -> 46279 | N38: PASS | O38: 46279 | P38: กรอบตัวเครื่องแตก
A39: 38 | B39: MEDCMU-000558 | C39: Vital Sign Monitors | D39: เครื่องติดตามการทำงานของหัวใจและสัญญาณชีพ | E39: Philips | F39: IntelliVue MP60 | G39: DE73113114 | H39: HI09-6515-021-0008/51(1) | I39: หอผู้ป่วยหนักโรคหัวใจและหลอดเลือด 1 | J39: หอผู้ป่วยหนักโรคหัวใจและหลอดเลือด 1 | K39: งานการพยาบาลผู้ป่วยอายุรศาสตร์ | L39: =INDEX(จองคิว!$C:$C,MATCH('เครื่องมือแพทย์ (956)'!B39,จองคิว!$F:$F,0)) -> 46279 | N39: PASS | O39: 46279 | P39: ไม่ได้วัดค่า Electrical Safety เนื่องจากติดใช้งานกับคนใช้
A40: 39 | B40: MEDCMU-000575 | C40: Pacemaker | D40: เครื่องเครื่องควบคุมจังหวะการเต้นของหัวใจ | E40: Medtronic | F40: 5348 | G40: PEP031798P | H40: HI09-6515-345-0021/51(1) | I40: หอผู้ป่วยหนักโรคหัวใจและหลอดเลือด 1 | J40: หอผู้ป่วยหนักโรคหัวใจและหลอดเลือด 1 | K40: งานการพยาบาลผู้ป่วยอายุรศาสตร์ | L40: =INDEX(จองคิว!$C:$C,MATCH('เครื่องมือแพทย์ (956)'!B40,จองคิว!$F:$F,0)) -> 46279 | N40: PASS | O40: 46279
A41: 40 | B41: MEDCMU-000576 | C41: Pacemaker | D41: เครื่องเครื่องควบคุมจังหวะการเต้นของหัวใจ | E41: Medtronic | F41: 5348 | G41: PEP025138P | H41: HI09-6530-004-032/48(1) | I41: หอผู้ป่วยหนักโรคหัวใจและหลอดเลือด 1 | J41: หอผู้ป่วยหนักโรคหัวใจและหลอดเลือด 1 | K41: งานการพยาบาลผู้ป่วยอายุรศาสตร์ | L41: =INDEX(จองคิว!$C:$C,MATCH('เครื่องมือแพทย์ (956)'!B41,จองคิว!$F:$F,0)) -> 46279 | N41: PASS | O41: 46279
A42: 41 | B42: MEDCMU-000600 | C42: Vital Sign Monitors | D42: เครื่องติดตามการทำงานของหัวใจและสัญญาณชีพ | E42: Philips | F42: IntelliVue MP60 | G42: DE73113083 | H42: HI09-6515--021-0008/5(1) | I42: หอผู้ป่วยหนักโรคหัวใจและหลอดเลือด 1 | J42: หอผู้ป่วยหนักโรคหัวใจและหลอดเลือด 1 | K42: งานการพยาบาลผู้ป่วยอายุรศาสตร์ | L42: =INDEX(จองคิว!$C:$C,MATCH('เครื่องมือแพทย์ (956)'!B42,จองคิว!$F:$F,0)) -> 46279 | N42: PASS | O42: 46279 | P42: ไม่ได้วัดค่า Electrical Safety เนื่องจากติดใช้งานกับคนใช้
A43: 42 | B43: MEDCMU-000605 | C43: Vital Sign Monitors | D43: เครื่องติดตามการทำงานของหัวใจและสัญญาณชีพ | E43: Philips | F43: IntelliVue MP60 | G43: DE73113101 | H43: HI09-6515-021-0008/51(1) | I43: หอผู้ป่วยหนักโรคหัวใจและหลอดเลือด 1 | J43: หอผู้ป่วยหนักโรคหัวใจและหลอดเลือด 1 | K43: งานการพยาบาลผู้ป่วยอายุรศาสตร์ | L43: =INDEX(จองคิว!$C:$C,MATCH('เครื่องมือแพทย์ (956)'!B43,จองคิว!$F:$F,0)) -> 46279 | N43: PASS | O43: 46279 | P43: ไม่ได้วัดค่า Electrical Safety เนื่องจากติดใช้งานกับคนใช้
A44: 43 | B44: MEDCMU-000606 | C44: Vital Sign Monitors | D44: เครื่องติดตามการทำงานของหัวใจและสัญญาณชีพ | E44: Philips | F44: IntelliVue MP60 | G44: DE73113080 | H44: HI09-6515-021-0008/51(1) | I44: หอผู้ป่วยหนักโรคหัวใจและหลอดเลือด 1 | J44: หอผู้ป่วยหนักโรคหัวใจและหลอดเลือด 1 | K44: งานการพยาบาลผู้ป่วยอายุรศาสตร์ | L44: =INDEX(จองคิว!$C:$C,MATCH('เครื่องมือแพทย์ (956)'!B44,จองคิว!$F:$F,0)) -> 46279 | N44: PASS | O44: 46279 | P44: ไม่ได้วัดค่า Electrical Safety เนื่องจากติดใช้งานกับคนใช้
A45: 44 | B45: MEDCMU-000607 | C45: Vital Sign Monitors | D45: เครื่องติดตามการทำงานของหัวใจและสัญญาณชีพ | E45: Philips | F45: IntelliVue MP60 | G45: DE73113118 | H45: HI09-6515-021-0008/51(1) | I45: หอผู้ป่วยหนักโรคหัวใจและหลอดเลือด 1 | J45: หอผู้ป่วยหนักโรคหัวใจและหลอดเลือด 1 | K45: งานการพยาบาลผู้ป่วยอายุรศาสตร์ | L45: =INDEX(จองคิว!$C:$C,MATCH('เครื่องมือแพทย์ (956)'!B45,จองคิว!$F:$F,0)) -> 46279 | N45: PASS | O45: 46279 | P45: กรอบ Module SN : DE717P1537 แตก
A46: 45 | B46: MEDCMU-000609 | C46: Vital Sign Monitors | D46: เครื่องติดตามการทำงานของหัวใจและสัญญาณชีพ | E46: Philips | F46: IntelliVue MP60 | G46: DE73113097 | H46: HI09-6515-021-0008/51(1) | I46: หอผู้ป่วยหนักโรคหัวใจและหลอดเลือด 1 | J46: หอผู้ป่วยหนักโรคหัวใจและหลอดเลือด 1 | K46: งานการพยาบาลผู้ป่วยอายุรศาสตร์ | L46: =INDEX(จองคิว!$C:$C,MATCH('เครื่องมือแพทย์ (956)'!B46,จองคิว!$F:$F,0)) -> 46279 | N46: PASS | O46: 46279 | P46: ไม่ได้วัดค่า Electrical Safety เนื่องจากติดใช้งานกับคนใช้
A47: 46 | B47: MEDCMU-000641 | C47: Electrocardiography | D47: เครื่องตรวจวิเคราะห์คลื่นไฟฟ้าหัวใจ | E47: Philips | F47: PageWriter TC10 | G47: CN01702983 | H47: DF0409-6545-018-0387/61(2) | I47: หอผู้ป่วยหนักโรคหัวใจและหลอดเลือด 2 | J47: หอผู้ป่วยหนักโรคหัวใจและหลอดเลือด 2 | K47: งานการพยาบาลผู้ป่วยอายุรศาสตร์ | L47: =INDEX(จองคิว!$C:$C,MATCH('เครื่องมือแพทย์ (956)'!B47,จองคิว!$F:$F,0)) -> 46279 | N47: PASS | O47: 46279
A48: 47 | B48: MEDCMU-000642 | C48: Electrocardiography | D48: เครื่องตรวจวิเคราะห์คลื่นไฟฟ้าหัวใจ | E48: Kenz | F48: Carsio 1215 | G48: 1606-0340 V3 | H48: GB070209-6545-018-0344/60(1) | I48: หอผู้ป่วยหนักโรคหัวใจและหลอดเลือด 2 | J48: หอผู้ป่วยหนักโรคหัวใจและหลอดเลือด 2 | K48: งานการพยาบาลผู้ป่วยอายุรศาสตร์ | L48: =INDEX(จองคิว!$C:$C,MATCH('เครื่องมือแพทย์ (956)'!B48,จองคิว!$F:$F,0)) -> 46279 | N48: PASS | O48: 46279
A49: 48 | B49: MEDCMU-000661 | C49: Vital Sign Monitors | D49: เครื่องติดตามการทำงานของหัวใจและสัญญาณชีพ | E49: Philips | F49: IntelliVue X2 | G49: DE03755066 | H49: HI920209-6695-021-0932/53(1) | I49: หอผู้ป่วยหนักโรคหัวใจและหลอดเลือด 2 | J49: หอผู้ป่วยหนักโรคหัวใจและหลอดเลือด 2 | K49: งานการพยาบาลผู้ป่วยอายุรศาสตร์ | L49: =INDEX(จองคิว!$C:$C,MATCH('เครื่องมือแพทย์ (956)'!B49,จองคิว!$F:$F,0)) -> 46279 | N49: PASS | O49: 46279
A50: 49 | B50: MEDCMU-000662 | C50: Pacemaker | D50: เครื่องเครื่องควบคุมจังหวะการเต้นของหัวใจ | E50: Medtronic | F50: 5348 | G50: PEP026989P | H50: HI09-6515-345-0004/49(1) | I50: หอผู้ป่วยหนักโรคหัวใจและหลอดเลือด 2 | J50: หอผู้ป่วยหนักโรคหัวใจและหลอดเลือด 2 | K50: งานการพยาบาลผู้ป่วยอายุรศาสตร์ | L50: แทงชำรุด | M50: แทงชำรุด 17 ก.ย. 69 | N50: DEFECTIVE | O50: 46279 | P50: กระแส , Rate ไม่เสถียร ออกติดๆดับๆ
A51: 50 | B51: MEDCMU-000663 | C51: Pacemaker | D51: เครื่องเครื่องควบคุมจังหวะการเต้นของหัวใจ | E51: Medtronic | F51: 5348 | G51: PEP103655R | H51: HI920209-6545-018-0026/54(1) | I51: หอผู้ป่วยหนักโรคหัวใจและหลอดเลือด 2 | J51: หอผู้ป่วยหนักโรคหัวใจและหลอดเลือด 2 | K51: งานการพยาบาลผู้ป่วยอายุรศาสตร์ | L51: =INDEX(จองคิว!$C:$C,MATCH('เครื่องมือแพทย์ (956)'!B51,จองคิว!$F:$F,0)) -> 46279 | N51: PASS | O51: 46279
A52: 51 | B52: MEDCMU-000664 | C52: Pacemaker | D52: เครื่องเครื่องควบคุมจังหวะการเต้นของหัวใจ | E52: Medtronic | F52: 5388 | G52: PFG100492R | H52: HI920209-6695-021-0928/53(1) | I52: หอผู้ป่วยหนักโรคหัวใจและหลอดเลือด 2 | J52: หอผู้ป่วยหนักโรคหัวใจและหลอดเลือด 2 | K52: งานการพยาบาลผู้ป่วยอายุรศาสตร์ | L52: =INDEX(จองคิว!$C:$C,MATCH('เครื่องมือแพทย์ (956)'!B52,จองคิว!$F:$F,0)) -> 46279 | N52: PASS | O52: 46279
A53: 52 | B53: MEDCMU-000666 | C53: Vital Sign Monitors | D53: เครื่องติดตามการทำงานของหัวใจและสัญญาณชีพ | E53: Philips | F53: IntelliVue MP20 | G53: DE72854629 | H53: HI920209-6695-021-0932/53(1) | I53: หอผู้ป่วยหนักโรคหัวใจและหลอดเลือด 2 | J53: หอผู้ป่วยหนักโรคหัวใจและหลอดเลือด 2 | K53: งานการพยาบาลผู้ป่วยอายุรศาสตร์ | L53: =INDEX(จองคิว!$C:$C,MATCH('เครื่องมือแพทย์ (956)'!B53,จองคิว!$F:$F,0)) -> 46279 | N53: PASS | O53: 46279
A54: 53 | B54: MEDCMU-000697 | C54: Vital Sign Monitors | D54: เครื่องติดตามการทำงานของหัวใจและสัญญาณชีพ | E54: Philips | F54: IntelliVue MP60 | G54: DE84317063 | H54: HI920209-6695-021-0932/53(1) | I54: หอผู้ป่วยหนักโรคหัวใจและหลอดเลือด 2 | J54: หอผู้ป่วยหนักโรคหัวใจและหลอดเลือด 2 | K54: งานการพยาบาลผู้ป่วยอายุรศาสตร์ | L54: =INDEX(จองคิว!$C:$C,MATCH('เครื่องมือแพทย์ (956)'!B54,จองคิว!$F:$F,0)) -> 46279 | N54: PASS | O54: 46279 | P54: ไม่ได้วัดค่า Electrical Safety เนื่องจากติดใช้งานกับคนใช้
A55: 54 | B55: MEDCMU-000704 | C55: Vital Sign Monitors | D55: เครื่องติดตามการทำงานของหัวใจและสัญญาณชีพ | E55: Philips | F55: IntelliVue MP60 | G55: DE84317074 | H55: HI920209-6695-021-0932/53(1) | I55: หอผู้ป่วยหนักโรคหัวใจและหลอดเลือด 2 | J55: หอผู้ป่วยหนักโรคหัวใจและหลอดเลือด 2 | K55: งานการพยาบาลผู้ป่วยอายุรศาสตร์ | L55: =INDEX(จองคิว!$C:$C,MATCH('เครื่องมือแพทย์ (956)'!B55,จองคิว!$F:$F,0)) -> 46279 | N55: PASS | O55: 46279 | P55: ไม่ได้วัดค่า Electrical Safety เนื่องจากติดใช้งานกับคนใช้
A56: 55 | B56: MEDCMU-000710 | C56: Electrocardiography | D56: เครื่องตรวจวิเคราะห์คลื่นไฟฟ้าหัวใจ | E56: Nihon Kohden | F56: Cardiofax M | G56: 112604 | H56: HI920209-6545-018-0384/62(2) | I56: หอผู้ป่วยหนักโรคหัวใจและหลอดเลือด 2 | J56: หอผู้ป่วยหนักโรคหัวใจและหลอดเลือด 2 | K56: งานการพยาบาลผู้ป่วยอายุรศาสตร์ | L56: =INDEX(จองคิว!$C:$C,MATCH('เครื่องมือแพทย์ (956)'!B56,จองคิว!$F:$F,0)) -> 46286 | M56: เครื่องอยู่ที่ GI | N56: PASS | O56: 46286 | R56: /
A57: 56 | B57: MEDCMU-000718 | C57: Vital Sign Monitors | D57: เครื่องติดตามการทำงานของหัวใจและสัญญาณชีพ | E57: Philips | F57: IntelliVue MP60 | G57: DE84317076 | H57: HI920209-6695-021-0931/53(1) | I57: หอผู้ป่วยหนักโรคหัวใจและหลอดเลือด 2 | J57: หอผู้ป่วยหนักโรคหัวใจและหลอดเลือด 2 | K57: งานการพยาบาลผู้ป่วยอายุรศาสตร์ | L57: =INDEX(จองคิว!$C:$C,MATCH('เครื่องมือแพทย์ (956)'!B57,จองคิว!$F:$F,0)) -> 46279 | N57: PASS | O57: 46279 | P57: ไม่ได้วัดค่า Electrical Safety เนื่องจากติดใช้งานกับคนใช้
A58: 57 | B58: MEDCMU-000721 | C58: Vital Sign Monitors | D58: เครื่องติดตามการทำงานของหัวใจและสัญญาณชีพ | E58: Philips | F58: IntelliVue MP60 | G58: DE84317071 | H58: HI920209-6695-021-0932/53(1) | I58: หอผู้ป่วยหนักโรคหัวใจและหลอดเลือด 2 | J58: หอผู้ป่วยหนักโรคหัวใจและหลอดเลือด 2 | K58: งานการพยาบาลผู้ป่วยอายุรศาสตร์ | L58: =INDEX(จองคิว!$C:$C,MATCH('เครื่องมือแพทย์ (956)'!B58,จองคิว!$F:$F,0)) -> 46279 | N58: PASS | O58: 46279 | P58: ไม่ได้วัดค่า Electrical Safety เนื่องจากติดใช้งานกับคนใช้
A59: 58 | B59: MEDCMU-000728 | C59: Vital Sign Monitors | D59: เครื่องติดตามการทำงานของหัวใจและสัญญาณชีพ | E59: Philips | F59: IntelliVue MP60 | G59: DE84317072 | H59: HI920209-6695-021-0932/53(1) | I59: หอผู้ป่วยหนักโรคหัวใจและหลอดเลือด 2 | J59: หอผู้ป่วยหนักโรคหัวใจและหลอดเลือด 2 | K59: งานการพยาบาลผู้ป่วยอายุรศาสตร์ | L59: =INDEX(จองคิว!$C:$C,MATCH('เครื่องมือแพทย์ (956)'!B59,จองคิว!$F:$F,0)) -> 46279 | N59: PASS | O59: 46279 | P59: ไม่ได้วัดค่า Electrical Safety เนื่องจากติดใช้งานกับคนใช้
A60: 59 | B60: MEDCMU-000738 | C60: Vital Sign Monitors | D60: เครื่องติดตามการทำงานของหัวใจและสัญญาณชีพ | E60: Philips | F60: IntelliVue MP60 | G60: DE84317077 | H60: HI920209-6695-021-0932/53(1) | I60: หอผู้ป่วยหนักโรคหัวใจและหลอดเลือด 2 | J60: หอผู้ป่วยหนักโรคหัวใจและหลอดเลือด 2 | K60: งานการพยาบาลผู้ป่วยอายุรศาสตร์ | L60: =INDEX(จองคิว!$C:$C,MATCH('เครื่องมือแพทย์ (956)'!B60,จองคิว!$F:$F,0)) -> 46279 | N60: PASS | O60: 46279 | P60: ไม่ได้วัดค่า Electrical Safety เนื่องจากติดใช้งานกับคนใช้
A61: 60 | B61: MEDCMU-000768 | C61: Vital Sign Monitors | D61: เครื่องติดตามการทำงานของหัวใจและสัญญาณชีพ | E61: Bionet | F61: BM5 | G61: D8O0400270 | H61: HI920209-6515-026-0003/56(15) | I61: หอผู้ป่วยเคมีบำบัด | J61: หอผู้ป่วยเคมีบำบัด | K61: งานการพยาบาลผู้ป่วยอายุรศาสตร์ | L61: =INDEX(จองคิว!$C:$C,MATCH('เครื่องมือแพทย์ (956)'!B61,จองคิว!$F:$F,0)) -> 46272 | N61: OUT OF RANGE | O61: 46272 | P61: สอบเทียบไม่ผ่าน ค่า Systolic ที่ 200 mmHg สูงกว่าเกณฑ์ (+- 8 mmHg : 200/150 = 210/150)
A62: 61 | B62: MEDCMU-000871 | C62: Vital Sign Monitors | D62: เครื่องติดตามการทำงานของหัวใจและสัญญาณชีพ | E62: Philips | F62: IntelliVue MP50 | G62: DE82082366 | H62: DF(1)09-6695-021-0098/56(27) | I62: หอผู้ป่วยวิกฤตอายุรกรรม 1 | J62: หอผู้ป่วยวิกฤตอายุรกรรม 1 | K62: งานการพยาบาลผู้ป่วยอายุรศาสตร์ | L62: =INDEX(จองคิว!$C:$C,MATCH('เครื่องมือแพทย์ (956)'!B62,จองคิว!$F:$F,0)) -> 46274 | N62: PASS | O62: 46274 | P62: ไม่ได้วัดค่า Electrical Safety เนื่องจากติดใช้งานกับคนใช้
A63: 62 | B63: MEDCMU-000897 | C63: Vital Sign Monitors | D63: เครื่องติดตามการทำงานของหัวใจและสัญญาณชีพ | E63: Philips | F63: IntelliVue MP50 | G63: DE82082369 | H63: DF(1)09-6695-021-0098/56(25) | I63: หอผู้ป่วยวิกฤตอายุรกรรม 1 | J63: หอผู้ป่วยวิกฤตอายุรกรรม 1 | K63: งานการพยาบาลผู้ป่วยอายุรศาสตร์ | L63: =INDEX(จองคิว!$C:$C,MATCH('เครื่องมือแพทย์ (956)'!B63,จองคิว!$F:$F,0)) -> 46274 | N63: PASS | O63: 46274 | P63: ไม่ได้วัดค่า Electrical Safety เนื่องจากติดใช้งานกับคนใช้
A64: 63 | B64: MEDCMU-000907 | C64: Vital Sign Monitors | D64: เครื่องติดตามการทำงานของหัวใจและสัญญาณชีพ | E64: Philips | F64: IntelliVue MP50 | G64: DE82082370 | H64: DF(1)09-6695-021-0098/56(26) | I64: หอผู้ป่วยวิกฤตอายุรกรรม 1 | J64: หอผู้ป่วยวิกฤตอายุรกรรม 1 | K64: งานการพยาบาลผู้ป่วยอายุรศาสตร์ | L64: =INDEX(จองคิว!$C:$C,MATCH('เครื่องมือแพทย์ (956)'!B64,จองคิว!$F:$F,0)) -> 46274 | N64: PASS | O64: 46274 | P64: ไม่ได้วัดค่า Electrical Safety เนื่องจากติดใช้งานกับคนใช้
A65: 64 | B65: MEDCMU-000931 | C65: Vital Sign Monitors | D65: เครื่องติดตามการทำงานของหัวใจและสัญญาณชีพ | E65: Philips | F65: IntelliVue MP50 | G65: DE820823332 | H65: DF(1)09-6695-021-0098/56(24) | I65: หอผู้ป่วยวิกฤตอายุรกรรม 1 | J65: หอผู้ป่วยวิกฤตอายุรกรรม 1 | K65: งานการพยาบาลผู้ป่วยอายุรศาสตร์ | L65: =INDEX(จองคิว!$C:$C,MATCH('เครื่องมือแพทย์ (956)'!B65,จองคิว!$F:$F,0)) -> 46274 | N65: PASS | O65: 46274
A66: 65 | B66: MEDCMU-000943 | C66: Vital Sign Monitors | D66: เครื่องติดตามการทำงานของหัวใจและสัญญาณชีพ | E66: Phillips | F66: IntelliVue MP50 | G66: DE82082357 | H66: DF(1)09-6695-021-0098/56(23) | I66: หอผู้ป่วยวิกฤตอายุรกรรม 1 | J66: หอผู้ป่วยวิกฤตอายุรกรรม 1 | K66: งานการพยาบาลผู้ป่วยอายุรศาสตร์ | L66: =INDEX(จองคิว!$C:$C,MATCH('เครื่องมือแพทย์ (956)'!B66,จองคิว!$F:$F,0)) -> 46274 | N66: PASS | O66: 46274 | P66: ไม่ได้วัดค่า Electrical Safety เนื่องจากติดใช้งานกับคนใช้
A67: 66 | B67: MEDCMU-000954 | C67: Vital Sign Monitors | D67: เครื่องติดตามการทำงานของหัวใจและสัญญาณชีพ | E67: Philips | F67: IntelliVue MP50 | G67: DE82082364 | H67: DF(1)09-6695-021-0098/56(22) | I67: หอผู้ป่วยวิกฤตอายุรกรรม 1 | J67: หอผู้ป่วยวิกฤตอายุรกรรม 1 | K67: งานการพยาบาลผู้ป่วยอายุรศาสตร์ | L67: =INDEX(จองคิว!$C:$C,MATCH('เครื่องมือแพทย์ (956)'!B67,จองคิว!$F:$F,0)) -> 46274 | N67: PASS | O67: 46274 | P67: ไม่ได้วัดค่า Electrical Safety เนื่องจากติดใช้งานกับคนใช้
A68: 67 | B68: MEDCMU-000983 | C68: Vital Sign Monitors | D68: เครื่องติดตามการทำงานของหัวใจและสัญญาณชีพ | E68: Philips | F68: IntelliVue MP50 | G68: DE82082347 | H68: DF(1)09-6695-021-0098/56(18) | I68: หอผู้ป่วยวิกฤตอายุรกรรม 2 | J68: หอผู้ป่วยวิกฤตอายุรกรรม 2 | K68: งานการพยาบาลผู้ป่วยอายุรศาสตร์ | L68: =INDEX(จองคิว!$C:$C,MATCH('เครื่องมือแพทย์ (956)'!B68,จองคิว!$F:$F,0)) -> 46274 | N68: PASS | O68: 46274 | P68: ไม่ได้วัดค่า Electrical Safety เนื่องจากติดใช้งานกับคนใช้
A69: 68 | B69: MEDCMU-000996 | C69: Vital Sign Monitors | D69: เครื่องติดตามการทำงานของหัวใจและสัญญาณชีพ | E69: Philips | F69: IntelliVue MP50 | G69: DE82082374 | H69: DF(1)09-6695-021-0098/56(19) | I69: หอผู้ป่วยวิกฤตอายุรกรรม 2 | J69: หอผู้ป่วยวิกฤตอายุรกรรม 2 | K69: งานการพยาบาลผู้ป่วยอายุรศาสตร์ | L69: =INDEX(จองคิว!$C:$C,MATCH('เครื่องมือแพทย์ (956)'!B69,จองคิว!$F:$F,0)) -> 46274 | N69: PASS | O69: 46274 | P69: ไม่ได้วัดค่า Electrical Safety เนื่องจากติดใช้งานกับคนใช้
A70: 69 | B70: MEDCMU-001007 | C70: Vital Sign Monitors | D70: เครื่องติดตามการทำงานของหัวใจและสัญญาณชีพ | E70: Philips | F70: IntelliVue MP50 | G70: DE82082371 | H70: DF(1)09-6695-021-0098/56(20) | I70: หอผู้ป่วยวิกฤตอายุรกรรม 2 | J70: หอผู้ป่วยวิกฤตอายุรกรรม 2 | K70: งานการพยาบาลผู้ป่วยอายุรศาสตร์ | L70: =INDEX(จองคิว!$C:$C,MATCH('เครื่องมือแพทย์ (956)'!B70,จองคิว!$F:$F,0)) -> 46274 | N70: PASS | O70: 46274 | P70: ไม่ได้วัดค่า Electrical Safety เนื่องจากติดใช้งานกับคนใช้
A71: 70 | B71: MEDCMU-001018 | C71: Vital Sign Monitors | D71: เครื่องติดตามการทำงานของหัวใจและสัญญาณชีพ | E71: Philips | F71: IntelliVue MP50 | G71: DE82082355 | H71: DF(1)09-6695-021-0098/56(21) | I71: หอผู้ป่วยวิกฤตอายุรกรรม 2 | J71: หอผู้ป่วยวิกฤตอายุรกรรม 2 | K71: งานการพยาบาลผู้ป่วยอายุรศาสตร์ | L71: =INDEX(จองคิว!$C:$C,MATCH('เครื่องมือแพทย์ (956)'!B71,จองคิว!$F:$F,0)) -> 46274 | N71: PASS | O71: 46274 | P71: ไม่ได้วัดค่า Electrical Safety เนื่องจากติดใช้งานกับคนใช้
A72: 71 | B72: MEDCMU-001029 | C72: Vital Sign Monitors | D72: เครื่องติดตามการทำงานของหัวใจและสัญญาณชีพ | E72: Philips | F72: IntelliVue X2 | G72: DE03758370 | H72: HI920209-6670-001-0273/59(3) | I72: หอผู้ป่วยวิกฤตอายุรกรรม 2 | J72: หอผู้ป่วยวิกฤตอายุรกรรม 2 | K72: งานการพยาบาลผู้ป่วยอายุรศาสตร์ | L72: =INDEX(จองคิว!$C:$C,MATCH('เครื่องมือแพทย์ (956)'!B72,จองคิว!$F:$F,0)) -> 46274 | N72: PASS | O72: 46274
A73: 72 | B73: MEDCMU-001069 | C73: Vital Sign Monitors | D73: เครื่องติดตามการทำงานของหัวใจและสัญญาณชีพ | E73: Philips | F73: IntelliVue MP50 | G73: DE82082361 | H73: DF(1)09-6695-021-00098/56(17) | I73: หอผู้ป่วยวิกฤตอายุรกรรม 2 | J73: หอผู้ป่วยวิกฤตอายุรกรรม 2 | K73: งานการพยาบาลผู้ป่วยอายุรศาสตร์ | L73: =INDEX(จองคิว!$C:$C,MATCH('เครื่องมือแพทย์ (956)'!B73,จองคิว!$F:$F,0)) -> 46274 | N73: PASS | O73: 46274 | P73: ไม่ได้วัดค่า Electrical Safety เนื่องจากติดใช้งานกับคนใช้
A74: 73 | B74: MEDCMU-001081 | C74: Vital Sign Monitors | D74: เครื่องติดตามการทำงานของหัวใจและสัญญาณชีพ | E74: Philips | F74: IntelliVue MP50 | G74: DE82082388 | H74: DF(1)09-6695-021-0098/56(16) | I74: หอผู้ป่วยวิกฤตอายุรกรรม 2 | J74: หอผู้ป่วยวิกฤตอายุรกรรม 2 | K74: งานการพยาบาลผู้ป่วยอายุรศาสตร์ | L74: =INDEX(จองคิว!$C:$C,MATCH('เครื่องมือแพทย์ (956)'!B74,จองคิว!$F:$F,0)) -> 46274 | N74: PASS | O74: 46274 | P74: ไม่ได้วัดค่า Electrical Safety เนื่องจากติดใช้งานกับคนใช้
A75: 74 | B75: MEDCMU-001102 | C75: Electrosurgical Unit | D75: เครื่องจี้และตัดด้วยไฟฟ้า | E75: LED SPA | F75: Surtron160 | G75: 3640110650 | H75: DF(1)09-6695-021-0831/55(1) | I75: หอผู้ป่วยหนักอายุรกรรม | J75: หอผู้ป่วยหนักอายุรกรรม | K75: งานการพยาบาลผู้ป่วยอายุรศาสตร์ | L75: =INDEX(จองคิว!$C:$C,MATCH('เครื่องมือแพทย์ (956)'!B75,จองคิว!$F:$F,0)) -> 46274 | N75: PASS | O75: 46274 | P75: ไม่ได้สอบเทียบโหมด Bipolar เนื่องจากไม่มีอุปกรณ์มาให้และทางแผนกไม่ได้ใช้งานโหมดนี้
A76: 75 | B76: MEDCMU-001115 | C76: Pulse Oximeter | D76: เครื่องวัดเปอร์เซ็นต์ความอิ่มตัวของออกซิเจนในเลือด | E76: Masimo | F76: Radical-7 Rainbow | G76: 1000002571 | H76: DF09-6670-001-0028/56(1) | I76: หอผู้ป่วยหนักอายุรกรรม | J76: หอผู้ป่วยหนักอายุรกรรม | K76: งานการพยาบาลผู้ป่วยอายุรศาสตร์ | L76: แทงชำรุด | M76: แทงชำรุด 15 พ.ค. 69 | N76: ยกเลิกการใช้งาน | O76: 46274 | P76: แผนกแจ้งแทงชำรุด
A77: 76 | B77: MEDCMU-001133 | C77: Vital Sign Monitors | D77: เครื่องติดตามการทำงานของหัวใจและสัญญาณชีพ | E77: Philips | F77: IntelliVue MP70 | G77: DE843A3303 | H77: DF(1)09-6695-021-0098/56(3) | I77: หอผู้ป่วยหนักอายุรกรรม | J77: หอผู้ป่วยหนักอายุรกรรม | K77: งานการพยาบาลผู้ป่วยอายุรศาสตร์ | L77: =INDEX(จองคิว!$C:$C,MATCH('เครื่องมือแพทย์ (956)'!B77,จองคิว!$F:$F,0)) -> 46274 | N77: PASS | O77: 46274 | P77: ไม่ได้วัดค่า Electrical Safety เนื่องจากติดใช้งานกับคนใช้
A78: 77 | B78: MEDCMU-001151 | C78: Vital Sign Monitors | D78: เครื่องติดตามการทำงานของหัวใจและสัญญาณชีพ | E78: Philips | F78: IntelliVue MP70 | G78: DE843A3310 | H78: DF(1)09-6695-021-0098/56(8) | I78: หอผู้ป่วยหนักอายุรกรรม | J78: หอผู้ป่วยหนักอายุรกรรม | K78: งานการพยาบาลผู้ป่วยอายุรศาสตร์ | L78: =INDEX(จองคิว!$C:$C,MATCH('เครื่องมือแพทย์ (956)'!B78,จองคิว!$F:$F,0)) -> 46274 | N78: PASS | O78: 46274 | P78: ไม่ได้วัดค่า Electrical Safety เนื่องจากติดใช้งานกับคนใช้
A79: 78 | B79: MEDCMU-001152 | C79: Vital Sign Monitors | D79: เครื่องติดตามการทำงานของหัวใจและสัญญาณชีพ | E79: Philips | F79: IntelliVue MP70 | G79: DE843A3305 | H79: DF(1)09-6695-021-0098/56(9) | I79: หอผู้ป่วยหนักอายุรกรรม | J79: หอผู้ป่วยหนักอายุรกรรม | K79: งานการพยาบาลผู้ป่วยอายุรศาสตร์ | L79: =INDEX(จองคิว!$C:$C,MATCH('เครื่องมือแพทย์ (956)'!B79,จองคิว!$F:$F,0)) -> 46274 | N79: PASS | O79: 46274 | P79: ไม่ได้วัดค่า Electrical Safety เนื่องจากติดใช้งานกับคนใช้
A80: 79 | B80: MEDCMU-001163 | C80: Vital Sign Monitors | D80: เครื่องติดตามการทำงานของหัวใจและสัญญาณชีพ | E80: Philips | F80: IntelliVue X2 | G80: DE03755287 | H80: DF(1)09-6670-001-0273/56(2) | I80: หอผู้ป่วยหนักอายุรกรรม | J80: หอผู้ป่วยหนักอายุรกรรม | K80: งานการพยาบาลผู้ป่วยอายุรศาสตร์ | L80: =INDEX(จองคิว!$C:$C,MATCH('เครื่องมือแพทย์ (956)'!B80,จองคิว!$F:$F,0)) -> 46274 | N80: OUT OF RANGE | O80: 46274 | P80: สอบเทียบค่า IBP ไม่ผ่าน ค่าต่ำกว่าเกณฑ์ (+-2% : 120/80 = 116/78) ค่าเท่าเดิมกับปี 2568
A81: 80 | B81: MEDCMU-001164 | C81: Vital Sign Monitors | D81: เครื่องติดตามการทำงานของหัวใจและสัญญาณชีพ | E81: Philips | F81: IntelliVue X2 | G81: DE03755156 | H81: DF(1)09-6670-001-0273/56(3) | I81: หอผู้ป่วยหนักอายุรกรรม | J81: หอผู้ป่วยหนักอายุรกรรม | K81: งานการพยาบาลผู้ป่วยอายุรศาสตร์ | L81: =INDEX(จองคิว!$C:$C,MATCH('เครื่องมือแพทย์ (956)'!B81,จองคิว!$F:$F,0)) -> 46274 | N81: PASS | O81: 46274 | P81: ปุ่ม Alarm ฉีกขาด
A82: 81 | B82: MEDCMU-001191 | C82: Vital Sign Monitors | D82: เครื่องติดตามการทำงานของหัวใจและสัญญาณชีพ | E82: Philips | F82: IntelliVue MP70 | G82: DE843A3312 | H82: DF(1)09-6695-021-0098/56(5) | I82: หอผู้ป่วยหนักอายุรกรรม | J82: หอผู้ป่วยหนักอายุรกรรม | K82: งานการพยาบาลผู้ป่วยอายุรศาสตร์ | L82: =INDEX(จองคิว!$C:$C,MATCH('เครื่องมือแพทย์ (956)'!B82,จองคิว!$F:$F,0)) -> 46274 | N82: PASS | O82: 46274
A83: 82 | B83: MEDCMU-001200 | C83: Vital Sign Monitors | D83: เครื่องติดตามการทำงานของหัวใจและสัญญาณชีพ | E83: Philips | F83: IntelliVue MP70 | G83: DE843A3295 | H83: DF(1)09-6695-021-0098/56(4) | I83: หอผู้ป่วยหนักอายุรกรรม | J83: หอผู้ป่วยหนักอายุรกรรม | K83: งานการพยาบาลผู้ป่วยอายุรศาสตร์ | L83: =INDEX(จองคิว!$C:$C,MATCH('เครื่องมือแพทย์ (956)'!B83,จองคิว!$F:$F,0)) -> 46274 | N83: PASS | O83: 46274
A84: 83 | B84: MEDCMU-001220 | C84: Vital Sign Monitors | D84: เครื่องติดตามการทำงานของหัวใจและสัญญาณชีพ | E84: Philips | F84: IntelliVue MP70 | G84: DE843A3300 | H84: DF(1)09-6695-021-0098/56(6) | I84: หอผู้ป่วยหนักอายุรกรรม | J84: หอผู้ป่วยหนักอายุรกรรม | K84: งานการพยาบาลผู้ป่วยอายุรศาสตร์ | L84: =INDEX(จองคิว!$C:$C,MATCH('เครื่องมือแพทย์ (956)'!B84,จองคิว!$F:$F,0)) -> 46274 | N84: PASS | O84: 46274 | P84: ไม่ได้วัดค่า Electrical Safety เนื่องจากติดใช้งานกับคนใช้
A85: 84 | B85: MEDCMU-001232 | C85: Vital Sign Monitors | D85: เครื่องติดตามการทำงานของหัวใจและสัญญาณชีพ | E85: Philips | F85: IntelliVue MP70 | G85: DE843A3302 | H85: DF(1)09-6695-021-0098/56(12) | I85: หอผู้ป่วยหนักอายุรกรรม | J85: หอผู้ป่วยหนักอายุรกรรม | K85: งานการพยาบาลผู้ป่วยอายุรศาสตร์ | L85: =INDEX(จองคิว!$C:$C,MATCH('เครื่องมือแพทย์ (956)'!B85,จองคิว!$F:$F,0)) -> 46274 | N85: PASS | O85: 46274 | P85: ไม่ได้วัดค่า Electrical Safety เนื่องจากติดใช้งานกับคนใช้
A86: 85 | B86: MEDCMU-001240 | C86: Vital Sign Monitors | D86: เครื่องติดตามการทำงานของหัวใจและสัญญาณชีพ | E86: Philips | F86: IntelliVue MP70 | G86: DE843A3304 | H86: DF(1)09-6695-021-0098/56(15) | I86: หอผู้ป่วยหนักอายุรกรรม | J86: หอผู้ป่วยหนักอายุรกรรม | K86: งานการพยาบาลผู้ป่วยอายุรศาสตร์ | L86: =INDEX(จองคิว!$C:$C,MATCH('เครื่องมือแพทย์ (956)'!B86,จองคิว!$F:$F,0)) -> 46274 | N86: PASS | O86: 46274 | P86: ไม่ได้วัดค่า Electrical Safety เนื่องจากติดใช้งานกับคนใช้
A87: 86 | B87: MEDCMU-001246 | C87: Vital Sign Monitors | D87: เครื่องติดตามการทำงานของหัวใจและสัญญาณชีพ | E87: Philips | F87: IntelliVue MP70 | G87: DE843A3225 | H87: DF(1)09-6695-021-0098/56(14) | I87: หอผู้ป่วยหนักอายุรกรรม | J87: หอผู้ป่วยหนักอายุรกรรม | K87: งานการพยาบาลผู้ป่วยอายุรศาสตร์ | L87: =INDEX(จองคิว!$C:$C,MATCH('เครื่องมือแพทย์ (956)'!B87,จองคิว!$F:$F,0)) -> 46274 | N87: PASS | O87: 46274 | P87: ไม่ได้วัดค่า Electrical Safety เนื่องจากติดใช้งานกับคนใช้
A88: 87 | B88: MEDCMU-001251 | C88: Vital Sign Monitors | D88: เครื่องติดตามการทำงานของหัวใจและสัญญาณชีพ | E88: Philips | F88: IntelliVue MP70 | G88: DE843A3313 | H88: DF(1)09-6695-021-0098/56(7) | I88: หอผู้ป่วยหนักอายุรกรรม | J88: หอผู้ป่วยหนักอายุรกรรม | K88: งานการพยาบาลผู้ป่วยอายุรศาสตร์ | L88: =INDEX(จองคิว!$C:$C,MATCH('เครื่องมือแพทย์ (956)'!B88,จองคิว!$F:$F,0)) -> 46274 | N88: PASS | O88: 46274 | P88: ไม่ได้วัดค่า Electrical Safety เนื่องจากติดใช้งานกับคนใช้
A89: 88 | B89: MEDCMU-001276 | C89: Vital Sign Monitors | D89: เครื่องติดตามการทำงานของหัวใจและสัญญาณชีพ | E89: Philips | F89: IntelliVue MP70 | G89: DE843A3311 | H89: DF(1)09-6695-021-0098/56(11) | I89: หอผู้ป่วยหนักอายุรกรรม | J89: หอผู้ป่วยหนักอายุรกรรม | K89: งานการพยาบาลผู้ป่วยอายุรศาสตร์ | L89: =INDEX(จองคิว!$C:$C,MATCH('เครื่องมือแพทย์ (956)'!B89,จองคิว!$F:$F,0)) -> 46274 | N89: PASS | O89: 46274 | P89: ไม่ได้วัดค่า Electrical Safety เนื่องจากติดใช้งานกับคนใช้
A90: 89 | B90: MEDCMU-001279 | C90: Vital Sign Monitors | D90: เครื่องติดตามการทำงานของหัวใจและสัญญาณชีพ | E90: Philips | F90: IntelliVue MP70 | G90: DE843A3234 | H90: DF(1)09-6695-021-0098/56(13) | I90: หอผู้ป่วยหนักอายุรกรรม | J90: หอผู้ป่วยหนักอายุรกรรม | K90: งานการพยาบาลผู้ป่วยอายุรศาสตร์ | L90: =INDEX(จองคิว!$C:$C,MATCH('เครื่องมือแพทย์ (956)'!B90,จองคิว!$F:$F,0)) -> 46274 | N90: PASS | O90: 46274 | P90: ไม่ได้วัดค่า Electrical Safety เนื่องจากติดใช้งานกับคนใช้
A91: 90 | B91: MEDCMU-001316 | C91: Vital Sign Monitors | D91: เครื่องติดตามการทำงานของหัวใจและสัญญาณชีพ | E91: Philips | F91: IntelliVue MP70 | G91: DE843A3293 | H91: DF(1)09-6695-021-0098/56(10) | I91: หอผู้ป่วยหนักอายุรกรรม | J91: หอผู้ป่วยหนักอายุรกรรม | K91: งานการพยาบาลผู้ป่วยอายุรศาสตร์ | L91: =INDEX(จองคิว!$C:$C,MATCH('เครื่องมือแพทย์ (956)'!B91,จองคิว!$F:$F,0)) -> 46274 | N91: PASS | O91: 46274 | P91: Module SN : DE907X2534 ชำรุดเชื่อมต่อกับตัว Monitor ไม่ได้ ใช้ Module เครื่องอื่นในการสอบเทียบ
A92: 91 | B92: MEDCMU-001336 | C92: Vital Sign Monitors | D92: เครื่องติดตามการทำงานของหัวใจและสัญญาณชีพ | E92: Philips | F92: IntelliVue X2 | G92: DE466G6611 | H92: HI920209-6670-001-0273/59(2) | I92: หอผู้ป่วยหนักอายุรกรรม | J92: หอผู้ป่วยหนักอายุรกรรม | K92: งานการพยาบาลผู้ป่วยอายุรศาสตร์ | L92: =INDEX(จองคิว!$C:$C,MATCH('เครื่องมือแพทย์ (956)'!B92,จองคิว!$F:$F,0)) -> 46274 | N92: PASS | O92: 46274 | P92: ปุ่ม Alarm ฉีกขาด
A93: 92 | B93: MEDCMU-001339 | C93: Vital Sign Monitors | D93: เครื่องติดตามการทำงานของหัวใจและสัญญาณชีพ | E93: Philips | F93: IntelliVue MP70 | G93: DE843A3297 | H93: DF(1)09-6695-021-0098/56(2) | I93: หอผู้ป่วยหนักอายุรกรรม | J93: หอผู้ป่วยหนักอายุรกรรม | K93: งานการพยาบาลผู้ป่วยอายุรศาสตร์ | L93: =INDEX(จองคิว!$C:$C,MATCH('เครื่องมือแพทย์ (956)'!B93,จองคิว!$F:$F,0)) -> 46274 | N93: PASS | O93: 46274
A94: 93 | B94: MEDCMU-001360 | C94: Vital Sign Monitors | D94: เครื่องติดตามการทำงานของหัวใจและสัญญาณชีพ | E94: Philips | F94: IntelliVue MP70 | G94: DE843A3314 | H94: DF(1)09-6695-021-0098/56(1) | I94: หอผู้ป่วยหนักอายุรกรรม | J94: หอผู้ป่วยหนักอายุรกรรม | K94: งานการพยาบาลผู้ป่วยอายุรศาสตร์ | L94: =INDEX(จองคิว!$C:$C,MATCH('เครื่องมือแพทย์ (956)'!B94,จองคิว!$F:$F,0)) -> 46274 | N94: PASS | O94: 46274 | P94: ไม่ได้วัดค่า Electrical Safety เนื่องจากติดใช้งานกับคนใช้
A95: 94 | B95: MEDCMU-001377 | C95: Electrosurgical Unit | D95: เครื่องจี้และตัดด้วยไฟฟ้า | E95: Covidien | F95: Force FX | G95: S6A20384AX | H95: DF0409-6545-015-0051/58(1) | I95: หน่วยผ่าตัดที่ 2 | J95: หน่วยผ่าตัดที่ 2 | K95: งานการพยาบาลผู้ป่วยผ่าตัดและพักฟื้น | L95: =INDEX(จองคิว!$C:$C,MATCH('เครื่องมือแพทย์ (956)'!B95,จองคิว!$F:$F,0)) -> 46277 | N95: PASS | O95: 46277
A96: 95 | B96: MEDCMU-001429 | C96: Vital Sign Monitors | D96: เครื่องติดตามการทำงานของหัวใจและสัญญาณชีพ | E96: Nihon Kohden | F96: BSM-3562 | G96: 26241 | H96: DF0409-6545-018-0452/62(1) | I96: ภาควิชาวิสัญญีวิทยา | J96: ภาควิชาวิสัญญีวิทยา | K96: ภาควิชาวิสัญญีวิทยา | L96: =INDEX(จองคิว!$C:$C,MATCH('เครื่องมือแพทย์ (956)'!B96,จองคิว!$F:$F,0)) -> 46278 | N96: PASS | O96: 46278 | P96: Battery เสื่อมสภาพ | R96: /
A97: 96 | B97: MEDCMU-001431 | C97: Electrosurgical Unit | D97: เครื่องจี้และตัดด้วยไฟฟ้า | E97: Sutter Medizintechnik | F97: BM-780 II | G97: 780II0100091834 | H97: GB070209-6695-021-0737/52(1) | I97: ภาควิชาโสต ศอ นาสิก วิทยา | J97: หน่วยผ่าตัด | K97: งานการพยาบาลผู้ป่วยผ่าตัดและพักฟื้น | L97: =INDEX(จองคิว!$C:$C,MATCH('เครื่องมือแพทย์ (956)'!B97,จองคิว!$F:$F,0)) -> 46277 | N97: PASS | O97: 46277
A98: 97 | B98: MEDCMU-001452 | C98: Vital Sign Monitors | D98: เครื่องติดตามการทำงานของหัวใจและสัญญาณชีพ | E98: Drager | F98: Vista 120 | G98: V2SHK0119 | H98: GB070209-6695-021-0221/57(1) | I98: ภาควิชาวิสัญญีวิทยา | J98: ภาควิชาวิสัญญีวิทยา | K98: ภาควิชาวิสัญญีวิทยา | L98: =INDEX(จองคิว!$C:$C,MATCH('เครื่องมือแพทย์ (956)'!B98,จองคิว!$F:$F,0)) -> 46278 | N98: PASS | O98: 46278
A99: 98 | B99: MEDCMU-001454 | C99: Vital Sign Monitors | D99: เครื่องติดตามการทำงานของหัวใจและสัญญาณชีพ | E99: Nihon Kohden | F99: BSM-6501K | G99: "03076 | H99: DF(1)09-6670-001-0273/56(1) | I99: ภาควิชาวิสัญญีวิทยา | J99: ภาควิชาวิสัญญีวิทยา | K99: ภาควิชาวิสัญญีวิทยา | L99: หาเครื่องไม่พบ | N99: หาเครื่องไม่พบ | O99: 46278 | P99: แผนกแจ้งว่าไม่มีเครื่อง
A100: 99 | B100: MEDCMU-001460 | C100: Vital Sign Monitors | D100: เครื่องติดตามการทำงานของหัวใจและสัญญาณชีพ | E100: Philips | F100: Efficia CM100 | G100: CN62630662 | H100: DF0409-6545-018-0389/61(2)-สปสช | I100: ภาควิชาวิสัญญีวิทยา | J100: ภาควิชาวิสัญญีวิทยา | K100: ภาควิชาวิสัญญีวิทยา | L100: =INDEX(จองคิว!$C:$C,MATCH('เครื่องมือแพทย์ (956)'!B100,จองคิว!$F:$F,0)) -> 46281 | N100: PASS | O100: 46281
...

Sheet Sheet2
A1: จองคิว | B1: #N/A
A3: ป้ายชื่อแถว | B3: นับจำนวน ของ รหัสเครื่อง
A4: งานการพยาบาลผู้ป่วยกุมารเวชศาสตร์ | B4: 72
A5: หอผู้ป่วยกุมารเวชกรรม 2 | B5: 8
A6: หอผู้ป่วยกุมารเวชกรรม 3 | B6: 10
A7: หอผู้ป่วยกุมารเวชกรรม 4 | B7: 2
A8: หอผู้ป่วยทารกแรกเกิด 2 | B8: 15
A9: หอผู้ป่วยวิกฤตทารกแรกเกิด | B9: 8
A10: หอผู้ป่วยหนักกุมารเวชกรรม | B10: 1
A11: หอผู้ป่วยหนักกุมารเวชกรรมหัวใจ | B11: 2
A12: หอผู้ป่วยหนักทารกแรกเกิด 2 | B12: 26
A13: งานการพยาบาลผู้ป่วยนอกและผู้ป่วยฉุกเฉิน | B13: 26
A14: EID clinic | B14: 2
A15: หน่วยเคมีบำบัดผู้ป่วยนอก 1 | B15: 1
... A69: ผลรวมทั้งหมด | B69: 316

Sheet คิวว่าง
A3: Count of รหัสเครื่อง | B3: Column Labels | U3: จำนวนคิวว่าง (เครื่อง)
A4: Row Labels | B4: #N/A | C4: (blank) | D4: Vital Sign Monitors | E4: Electrocardiography | F4: Pulse Oximeter | G4: Electrosurgical Unit | H4: Vital Sign Monitors, BedSide | I4: Drop tone,Doppler | J4: Fetal Monitors | K4: Infant Incubator | L4: Radiant Warmer | M4: Pacemaker | N4: Blood Flow Detector,Doppler | O4: Harmonic Electrosurgical Unit | P4: Infant Incubator,Transport | Q4: Grand Total | U4: =NOW() -> 46297.421
A5: 46267 | D5: 27 | E5: 3 | F5: 15 | G5: 2 | H5: 2 | Q5: 49 | U5: จันทร์ | V5: อังคาร | W5: พุธ | X5: พฤหัสบดี | Y5: ศุกร์ | Z5: เสาร์ | AA5: อาทิตย์
A6: 46268 | D6: 30 | E6: 3 | F6: 11 | G6: 3 | I6: 1 | Q6: 48 | W6: 46267 | X6: 46268 | Y6: 46269 | Z6: 46270 | AA6: 46271
A7: 46269 | D7: 28 | E7: 2 | F7: 11 | G7: 1 | I7: 2 | J7: 2 | M7: 2 | N7: 1 | Q7: 49 | W7: =IF(W8=0,"เต็มแล้ว","ว่าง") -> เต็มแล้ว | X7: =IF(X8=0,"เต็มแล้ว","ว่าง") -> เต็มแล้ว | Y7: =IF(Y8=0,"เต็มแล้ว","ว่าง") -> เต็มแล้ว
A8: 46272 | D8: 32 | E8: 3 | F8: 5 | G8: 1 | H8: 1 | I8: 1 | K8: 5 | L8: 1 | M8: 4 | Q8: 53 | W8: =+GETPIVOTDATA("รหัสเครื่อง",$A$3,"นัดหมาย",DATE(2026,9,2),"ชื่อเครื่อง",#N/A) -> 0 | X8: =+GETPIVOTDATA("รหัสเครื่อง",$A$3,"นัดหมาย",DATE(2026,9,3),"ชื่อเครื่อง",#N/A) -> 0 | Y8: =+GETPIVOTDATA("รหัสเครื่อง",$A$3,"นัดหมาย",DATE(2026,9,4),"ชื่อเครื่อง",#N/A) -> 0
A9: 46273 | D9: 34 | E9: 2 | F9: 6 | H9: 5 | I9: 1 | M9: 1 | Q9: 49
A10: 46274 | D10: 38 | E10: 4 | F10: 3 | G10: 1 | H10: 1 | I10: 2 | J10: 1 | L10: 1 | M10: 3 | Q10: 54 | U10: 46272 | V10: 46273 | W10: 46274 | X10: 46275 | Y10: 46276 | Z10: 46277 | AA10: 46278
A11: 46275 | D11: 31 | E11: 3 | F11: 22 | G11: 1 | I11: 3 | Q11: 60 | U11: =IF(U12=0,"เต็มแล้ว","ว่าง") -> เต็มแล้ว | V11: =IF(V12=0,"เต็มแล้ว","ว่าง") -> เต็มแล้ว | W11: =IF(W12=0,"เต็มแล้ว","ว่าง") -> เต็มแล้ว | X11: =IF(X12=0,"เต็มแล้ว","ว่าง") -> เต็มแล้ว | Y11: =IF(Y12=0,"เต็มแล้ว","ว่าง") -> ว่าง | Z11: =IF(Z12=0,"เต็มแล้ว","ว่าง") -> เต็มแล้ว | AA11: =IF(AA12=0,"เต็มแล้ว","ว่าง") -> เต็มแล้ว
A12: 46276 | B12: 2 | D12: 20 | E12: 3 | F12: 10 | G12: 1 | H12: 13 | I12: 2 | Q12: 51 | U12: =+GETPIVOTDATA("รหัสเครื่อง",$A$3,"นัดหมาย",DATE(2026,9,7),"ชื่อเครื่อง",#N/A) -> 0 | V12: =+GETPIVOTDATA("รหัสเครื่อง",$A$3,"นัดหมาย",DATE(2026,9,8),"ชื่อเครื่อง",#N/A) -> 0 | W12: =+GETPIVOTDATA("รหัสเครื่อง",$A$3,"นัดหมาย",DATE(2026,9,9),"ชื่อเครื่อง",#N/A) -> 0 | X12: =+GETPIVOTDATA("รหัสเครื่อง",$A$3,"นัดหมาย",DATE(2026,9,10),"ชื่อเครื่อง",#N/A) -> 0 | Y12: =+GETPIVOTDATA("รหัสเครื่อง",$A$3,"นัดหมาย",DATE(2026,9,11),"ชื่อเครื่อง",#N/A) -> 2 | Z12: =+GETPIVOTDATA("รหัสเครื่อง",$A$3,"นัดหมาย",DATE(2026,9,12),"ชื่อเครื่อง",#N/A) -> 0 | AA12: =+GETPIVOTDATA("รหัสเครื่อง",$A$3,"นัดหมาย",DATE(2026,9,13),"ชื่อเครื่อง",#N/A) -> 0
A13: 46279 | B13: 4 | D13: 35 | E13: 4 | F13: 2 | H13: 4 | M13: 5 | Q13: 54
A14: 46280 | B14: 3 | D14: 32 | E14: 7 | F14: 7 | G14: 3 | L14: 1 | P14: 1 | Q14: 54 | U14: 46279 | V14: 46280 | W14: 46281 | X14: 46282 | Y14: 46283 | Z14: 46284 | AA14: 46285
A15: 46281 | B15: 3 | D15: 27 | E15: 9 | F15: 7 | I15: 3 | J15: 1 | Q15: 50 | U15: =IF(U16=0,"เต็มแล้ว","ว่าง") -> ว่าง | V15: =IF(V16=0,"เต็มแล้ว","ว่าง") -> ว่าง | W15: =IF(W16=0,"เต็มแล้ว","ว่าง") -> ว่าง | X15: =IF(X16=0,"เต็มแล้ว","ว่าง") -> ว่าง | Y15: =IF(Y16=0,"เต็มแล้ว","ว่าง") -> เต็มแล้ว
A16: 46282 | B16: 5 | D16: 17 | E16: 1 | F16: 5 | K16: 5 | L16: 17 | Q16: 50 | U16: =+GETPIVOTDATA("รหัสเครื่อง",$A$3,"นัดหมาย",DATE(2026,9,14),"ชื่อเครื่อง",#N/A) -> 4 | V16: =+GETPIVOTDATA("รหัสเครื่อง",$A$3,"นัดหมาย",DATE(2026,9,15),"ชื่อเครื่อง",#N/A) -> 3 | W16: =+GETPIVOTDATA("รหัสเครื่อง",$A$3,"นัดหมาย",DATE(2026,9,16),"ชื่อเครื่อง",#N/A) -> 3 | X16: =+GETPIVOTDATA("รหัสเครื่อง",$A$3,"นัดหมาย",DATE(2026,9,17),"ชื่อเครื่อง",#N/A) -> 5 | Y16: =+GETPIVOTDATA("รหัสเครื่อง",$A$3,"นัดหมาย",DATE(2026,9,18),"ชื่อเครื่อง",#N/A) -> 0
A17: 46283 | D17: 36 | E17: 4 | F17: 8 | G17: 1 | I17: 1 | Q17: 50
A18: 46286 | B18: 1 | D18: 31 | E18: 2 | F18: 1 | I18: 5 | J18: 5 | K18: 3 | L18: 2 | Q18: 50 | U18: 46286 | V18: 46287 | W18: 46288 | X18: 46289 | Y18: 46290 | Z18: 46291 | AA18: 46292
A19: 46287 | B19: 5 | D19: 19 | E19: 1 | F19: 6 | H19: 7 | I19: 3 | J19: 6 | K19: 2 | L19: 1 | Q19: 50 | U19: =IF(U20=0,"เต็มแล้ว","ว่าง") -> ว่าง | V19: =IF(V20=0,"เต็มแล้ว","ว่าง") -> ว่าง | W19: =IF(W20=0,"เต็มแล้ว","ว่าง") -> ว่าง | X19: =IF(X20=0,"เต็มแล้ว","ว่าง") -> ว่าง | Y19: =IF(Y20=0,"เต็มแล้ว","ว่าง") -> ว่าง
A20: 46288 | B20: 2 | D20: 32 | E20: 3 | F20: 7 | K20: 4 | L20: 2 | Q20: 50 | U20: =+GETPIVOTDATA("รหัสเครื่อง",$A$3,"นัดหมาย",DATE(2026,9,21),"ชื่อเครื่อง",#N/A) -> 1 | V20: =+GETPIVOTDATA("รหัสเครื่อง",$A$3,"นัดหมาย",DATE(2026,9,22),"ชื่อเครื่อง",#N/A) -> 5 | W20: =+GETPIVOTDATA("รหัสเครื่อง",$A$3,"นัดหมาย",DATE(2026,9,23),"ชื่อเครื่อง",#N/A) -> 2 | X20: =+GETPIVOTDATA("รหัสเครื่อง",$A$3,"นัดหมาย",DATE(2026,9,24),"ชื่อเครื่อง",#N/A) -> 50 | Y20: =+GETPIVOTDATA("รหัสเครื่อง",$A$3,"นัดหมาย",DATE(2026,9,25),"ชื่อเครื่อง",#N/A) -> 47
A21: 46289 | B21: 50 | Q21: 50
A22: 46290 | B22: 47 | E22: 2 | F22: 1 | Q22: 50 | U22: 46293 | V22: 46294 | W22: 46295
A23: 46293 | B23: 31 | D23: 12 | H23: 7 | Q23: 50 | U23: =IF(U24=0,"เต็มแล้ว","ว่าง") -> ว่าง | V23: =IF(V24=0,"เต็มแล้ว","ว่าง") -> ว่าง | W23: =IF(W24=0,"เต็มแล้ว","ว่าง") -> ว่าง
A24: 46294 | B24: 50 | Q24: 50 | U24: =+GETPIVOTDATA("รหัสเครื่อง",$A$3,"นัดหมาย",DATE(2026,9,28),"ชื่อเครื่อง",#N/A) -> 31 | V24: =+GETPIVOTDATA("รหัสเครื่อง",$A$3,"นัดหมาย",DATE(2026,9,29),"ชื่อเครื่อง",#N/A) -> 50 | W24: =+GETPIVOTDATA("รหัสเครื่อง",$A$3,"นัดหมาย",DATE(2026,9,30),"ชื่อเครื่อง",#N/A) -> 40
A25: 46295 | B25: 40 | D25: 1 | F25: 2 | G25: 7 | Q25: 50
A26: (blank)
A27: 46277 | D27: 9 | F27: 8 | G27: 26 | N27: 1 | O27: 3 | Q27: 47
A28: 46278 | D28: 41 | F28: 7 | L28: 2 | M28: 2 | Q28: 52
A29: Grand Total | B29: 243 | D29: 532 | E29: 56 | F29: 144 | G29: 47 | H29: 40 | I29: 24 | J29: 15 | K29: 19 | L29: 27 | M29: 17 | N29: 2 | O29: 3 | P29: 1 | Q29: 1170

Sheet เรียกคิว
A1: ลำดับ | B1: รหัสเครื่อง | C1: ชื่อเครื่อง | D1: ชื่อเครื่องภาษาไทย | E1: ยี่ห้อ | F1: รุ่น | G1: SerialNo | H1: เลขครุภัณฑ์ | I1: ชื่อหน่วยงานเจ้าของเครื่อง | J1: ชื่อหน่วยงานที่ใช้เครื่อง | K1: งาน
A2: 1 | B2: MEDCMU-000022 | C2: Vital Sign Monitors | D2: เครื่องติดตามการทำงานของหัวใจและสัญญาณชีพ | E2: Philips | F2: Efficia CM10 | G2: CN62637717 | H2: DF(1)09-6515-026-0023/62(6) | I2: หอผู้ป่วยปลูกถ่ายไขกระดูกและให้เคมีบำบัดขนาดสูง | J2: หอผู้ป่วยปลูกถ่ายไขกระดูกและให้เคมีบำบัดขนาดสูง | K2: งานการพยาบาลผู้ป่วยอายุรศาสตร์
A3: 2 | B3: MEDCMU-000040 | C3: Electrocardiography | D3: เครื่องตรวจวิเคราะห์คลื่นไฟฟ้าหัวใจ | E3: Philips | F3: PageWriter TC10 | G3: CNN1810996 | H3: DF(1)09-6545-018-0262/62(1) | I3: หอผู้ป่วยปลูกถ่ายไขกระดูกและให้เคมีบำบัดขนาดสูง | J3: หอผู้ป่วยปลูกถ่ายไขกระดูกและให้เคมีบำบัดขนาดสูง | K3: งานการพยาบาลผู้ป่วยอายุรศาสตร์
A4: 3 | B4: MEDCMU-000046 | C4: Vital Sign Monitors | D4: เครื่องติดตามการทำงานของหัวใจและสัญญาณชีพ | E4: Philips | F4: Efficia CM10 | G4: CN62637715 | H4: DF(1)09-6515-026-0023/62(3) | I4: หอผู้ป่วยปลูกถ่ายไขกระดูกและให้เคมีบำบัดขนาดสูง | J4: หอผู้ป่วยปลูกถ่ายไขกระดูกและให้เคมีบำบัดขนาดสูง | K4: งานการพยาบาลผู้ป่วยอายุรศาสตร์
A5: 4 | B5: MEDCMU-000049 | C5: Vital Sign Monitors | D5: เครื่องติดตามการทำงานของหัวใจและสัญญาณชีพ | E5: Philips | F5: Efficia CM10 | G5: CN62637713 | H5: DF(1)09-6515-026-0023/62(5) | I5: หอผู้ป่วยปลูกถ่ายไขกระดูกและให้เคมีบำบัดขนาดสูง | J5: หอผู้ป่วยปลูกถ่ายไขกระดูกและให้เคมีบำบัดขนาดสูง | K5: งานการพยาบาลผู้ป่วยอายุรศาสตร์
A6: 5 | B6: MEDCMU-000055 | C6: Vital Sign Monitors | D6: เครื่องติดตามการทำงานของหัวใจและสัญญาณชีพ | E6: Bionet | F6: BM5 | G6: D8O040021 | H6: HI920209-6515-026-0003/56(18) | I6: หอผู้ป่วยปลูกถ่ายไขกระดูกและให้เคมีบำบัดขนาดสูง | J6: หอผู้ป่วยปลูกถ่ายไขกระดูกและให้เคมีบำบัดขนาดสูง | K6: งานการพยาบาลผู้ป่วยอายุรศาสตร์
A7: 6 | B7: MEDCMU-000057 | C7: Vital Sign Monitors | D7: เครื่องติดตามการทำงานของหัวใจและสัญญาณชีพ | E7: Philips | F7: Efficia CM10 | G7: CN62635735 | H7: DF(1)09-6515-026-0023/62(7) | I7: หอผู้ป่วยปลูกถ่ายไขกระดูกและให้เคมีบำบัดขนาดสูง | J7: หอผู้ป่วยปลูกถ่ายไขกระดูกและให้เคมีบำบัดขนาดสูง | K7: งานการพยาบาลผู้ป่วยอายุรศาสตร์
A8: 7 | B8: MEDCMU-000070 | C8: Vital Sign Monitors | D8: เครื่องติดตามการทำงานของหัวใจและสัญญาณชีพ | E8: Bionet | F8: BM5 | G8: D8O0600071 | H8: HI920209-6515-026-0003/57(8) | I8: หอผู้ป่วยปลูกถ่ายไขกระดูกและให้เคมีบำบัดขนาดสูง | J8: หอผู้ป่วยปลูกถ่ายไขกระดูกและให้เคมีบำบัดขนาดสูง | K8: งานการพยาบาลผู้ป่วยอายุรศาสตร์
A9: 8 | B9: MEDCMU-000076 | C9: Vital Sign Monitors | D9: เครื่องติดตามการทำงานของหัวใจและสัญญาณชีพ | E9: Philips | F9: Efficia CM10 | G9: CN62637716 | H9: DF(1)09-6515-026-0023/62(2) | I9: หอผู้ป่วยปลูกถ่ายไขกระดูกและให้เคมีบำบัดขนาดสูง | J9: หอผู้ป่วยปลูกถ่ายไขกระดูกและให้เคมีบำบัดขนาดสูง | K9: งานการพยาบาลผู้ป่วยอายุรศาสตร์
A10: 9 | B10: MEDCMU-000082 | C10: Vital Sign Monitors | D10: เครื่องติดตามการทำงานของหัวใจและสัญญาณชีพ | E10: Philips | F10: Efficia CM10 | G10: CN62637714 | H10: DF(1)09-6515-026-0023/62(4) | I10: หอผู้ป่วยปลูกถ่ายไขกระดูกและให้เคมีบำบัดขนาดสูง | J10: หอผู้ป่วยปลูกถ่ายไขกระดูกและให้เคมีบำบัดขนาดสูง | K10: งานการพยาบาลผู้ป่วยอายุรศาสตร์
A11: 10 | B11: MEDCMU-000101 | C11: Vital Sign Monitors | D11: เครื่องติดตามการทำงานของหัวใจและสัญญาณชีพ | E11: Philips | F11: Efficia CM100 | G11: CN62626250 | H11: DF0409-6545-018-0211/59(5) | I11: หน่วยเปลี่ยนไตและไตเทียม | J11: หน่วยเปลี่ยนไตและไตเทียม | K11: งานการพยาบาลผู้ป่วยอายุรศาสตร์
A12: 11 | B12: MEDCMU-000102 | C12: Vital Sign Monitors | D12: เครื่องติดตามการทำงานของหัวใจและสัญญาณชีพ | E12: Philips | F12: Efficia CM100 | G12: CN62626316 | H12: DF0409-6545-018-0211/59(7) | I12: หน่วยเปลี่ยนไตและไตเทียม | J12: หน่วยเปลี่ยนไตและไตเทียม | K12: งานการพยาบาลผู้ป่วยอายุรศาสตร์
A13: 12 | B13: MEDCMU-000103 | C13: Vital Sign Monitors | D13: เครื่องติดตามการทำงานของหัวใจและสัญญาณชีพ | E13: Philips | F13: Efficia CM100 | G13: CN62626241 | H13: DF0409-6545-018-0211/59(6) | I13: หน่วยเปลี่ยนไตและไตเทียม | J13: หน่วยเปลี่ยนไตและไตเทียม | K13: งานการพยาบาลผู้ป่วยอายุรศาสตร์
... A146: 145 | B146: MEDCMU-002001 | C146: Vital Sign Monitors | D146: เครื่องติดตามการทำงานของหัวใจและสัญญาณชีพ | E146: Edan | F146: M3 | G146: 261164-M17401090012 | H146: DF0409-6515-026-0003/59(25) | I146: หอผู้ป่วยอายุรกรรมชาย 1 | J146: หอผู้ป่วยอายุรกรรมชาย 1 | K146: งานการพยาบาลผู้ป่วยอายุรศาสตร์
A147: 146 | B147: MEDCMU-002061 | C147: Pulse Oximeter | D147: เครื่องวัดเปอร์เซ็นต์ความอิ่มตัวของออกซิเจนในเลือด | E147: Covidien | H147: HI920209-6670-001-0256/57(2) | I147: หอผู้ป่วยอายุรกรรมชาย 2 | J147: หอผู้ป่วยอายุรกรรมชาย 2 | K147: งานการพยาบาลผู้ป่วยอายุรศาสตร์
A148: 147 | B148: MEDCMU-002063 | C148: Vital Sign Monitors | D148: เครื่องติดตามการทำงานของหัวใจและสัญญาณชีพ | E148: Philips | F148: SureSigns VM4 | G148: US12552653 | H148: HI920209-6695-021-0815/54(7) | I148: หอผู้ป่วยอายุรกรรมชาย 2 | J148: หอผู้ป่วยอายุรกรรมชาย 2 | K148: งานการพยาบาลผู้ป่วยอายุรศาสตร์
A149: 148 | B149: MEDCMU-002065 | C149: Vital Sign Monitors | D149: เครื่องติดตามการทำงานของหัวใจและสัญญาณชีพ | E149: Nihon Kohden | F149: SVM-7260 | G149: 00071 | H149: HI920209-6515-026-0003/63(2) | I149: หอผู้ป่วยอายุรกรรมชาย 2 | J149: หอผู้ป่วยอายุรกรรมชาย 2 | K149: งานการพยาบาลผู้ป่วยอายุรศาสตร์
A150: 149 | B150: MEDCMU-002066 | C150: Vital Sign Monitors | D150: เครื่องติดตามการทำงานของหัวใจและสัญญาณชีพ | E150: Edan | F150: M3A | G150: 261064-M16C04630022 | H150: DF0409-6515-026-0003/59(26) | I150: หอผู้ป่วยอายุรกรรมชาย 2 | J150: หอผู้ป่วยอายุรกรรมชาย 2 | K150: งานการพยาบาลผู้ป่วยอายุรศาสตร์
A151: 150 | B151: MEDCMU-002067 | C151: Vital Sign Monitors | D151: เครื่องติดตามการทำงานของหัวใจและสัญญาณชีพ | E151: Nihon Kohden | F151: SVM-7603 | G151: 0004983 | H151: HI920209-6545-018-0388/62(3) | I151: หอผู้ป่วยอายุรกรรมชาย 2 | J151: หอผู้ป่วยอายุรกรรมชาย 2 | K151: งานการพยาบาลผู้ป่วยอายุรศาสตร์
A152: 151 | B152: MEDCMU-002168 | C152: Electrocardiography | D152: เครื่องตรวจวิเคราะห์คลื่นไฟฟ้าหัวใจ | E152: Fukuda Denshi | F152: Cardimax FX-7102 | G152: 50008769 | H152: DF0409-6545-018-0262/59(2) | I152: หน่วยเปลี่ยนไตและไตเทียม | J152: หน่วยเปลี่ยนไตและไตเทียม | K152: งานการพยาบาลผู้ป่วยอายุรศาสตร์
A153: 152 | B153: MEDCMU-002172 | C153: Vital Sign Monitors | D153: เครื่องติดตามการทำงานของหัวใจและสัญญาณชีพ | E153: Lutech | F153: Datalys 760 | G153: KD190227006B | H153: DF0409-6545-018-0451/62(7) | I153: หอผู้ป่วยอายุรกรรมหญิง 1 | J153: หอผู้ป่วยอายุรกรรมหญิง 1 | K153: งานการพยาบาลผู้ป่วยอายุรศาสตร์
A154: 153 | B154: MEDCMU-002173 | C154: Vital Sign Monitors | D154: เครื่องติดตามการทำงานของหัวใจและสัญญาณชีพ | E154: Bionet | F154: BM5 | H154: HI920209-6515-026-0003/56(13) | I154: หอผู้ป่วยอายุรกรรมหญิง 1 | J154: หอผู้ป่วยอายุรกรรมหญิง 1 | K154: งานการพยาบาลผู้ป่วยอายุรศาสตร์
A155: 154 | B155: MEDCMU-002174 | C155: Vital Sign Monitors | D155: เครื่องติดตามการทำงานของหัวใจและสัญญาณชีพ | E155: Nihon Kohden | F155: SVM-7260 | G155: 00079 | H155: HI920209-6515-026-0003/63(4) | I155: หอผู้ป่วยอายุรกรรมหญิง 1 | J155: หอผู้ป่วยอายุรกรรมหญิง 1 | K155: งานการพยาบาลผู้ป่วยอายุรศาสตร์
A156: 155 | B156: MEDCMU-002176 | C156: Vital Sign Monitors | D156: เครื่องติดตามการทำงานของหัวใจและสัญญาณชีพ | E156: Edan | F156: M3A | G156: 261164-M17401090019 | H156: DF0409-6515-026-0003/59(28) | I156: หอผู้ป่วยอายุรกรรมหญิง 1 | J156: หอผู้ป่วยอายุรกรรมหญิง 1 | K156: งานการพยาบาลผู้ป่วยอายุรศาสตร์
A157: 156 | B157: MEDCMU-002177 | C157: Vital Sign Monitors | D157: เครื่องติดตามการทำงานของหัวใจและสัญญาณชีพ | E157: Nihon Kohden | F157: Vismo PVM-2701 | G157: 0116534 | H157: DF(1)09-6545-018-0134/59(1) | I157: หอผู้ป่วยอายุรกรรมหญิง 1 | J157: หอผู้ป่วยอายุรกรรมหญิง 1 | K157: งานการพยาบาลผู้ป่วยอายุรศาสตร์
A158: 157 | B158: MEDCMU-002178 | C158: Vital Sign Monitors | D158: เครื่องติดตามการทำงานของหัวใจและสัญญาณชีพ | E158: Nihon Kohden | F158: SVM-7603 | G158: 0004998 | H158: HI920209-6545-018-0388/62(1) | I158: หอผู้ป่วยอายุรกรรมหญิง 1 | J158: หอผู้ป่วยอายุรกรรมหญิง 1 | K158: งานการพยาบาลผู้ป่วยอายุรศาสตร์
A159: 158 | B159: MEDCMU-002200 | C159: Pulse Oximeter | D159: เครื่องวัดเปอร์เซ็นต์ความอิ่มตัวของออกซิเจนในเลือด | E159: Novametrix | F159: Oxypleth | G159: 77-25536 | H159: HI920209-6670-001-0054/55(1) | I159: หอผู้ป่วยอายุรกรรมหญิง 1 | J159: หอผู้ป่วยอายุรกรรมหญิง 1 | K159: งานการพยาบาลผู้ป่วยอายุรศาสตร์
A160: 159 | B160: MEDCMU-002201 | C160: Pulse Oximeter | D160: เครื่องวัดเปอร์เซ็นต์ความอิ่มตัวของออกซิเจนในเลือด | E160: Novametrix | F160: Oxypleth | G160: 77-25538 | H160: HI920209-6670-001-0054/55(2) | I160: หอผู้ป่วยอายุรกรรมหญิง 1 | J160: หอผู้ป่วยอายุรกรรมหญิง 1 | K160: งานการพยาบาลผู้ป่วยอายุรศาสตร์
A161: 160 | B161: MEDCMU-002259 | C161: Vital Sign Monitors | D161: เครื่องติดตามการทำงานของหัวใจและสัญญาณชีพ | E161: Philips | F161: SureSigns VM4 | G161: US12558568 | H161: HI920209-6695-019-0057/55(18) | I161: หอผู้ป่วยอายุรกรรมหญิง 1 | J161: หอผู้ป่วยอายุรกรรมหญิง 1 | K161: งานการพยาบาลผู้ป่วยอายุรศาสตร์
A162: 161 | B162: MEDCMU-002282 | C162: Vital Sign Monitors | D162: เครื่องติดตามการทำงานของหัวใจและสัญญาณชีพ | E162: Philips | F162: SureSigns VM4 | G162: US12558621 | H162: HI920209-6695-019-0057/55(15) | I162: หอผู้ป่วยอายุรกรรมหญิง 3 | J162: หอผู้ป่วยอายุรกรรมหญิง 3 | K162: งานการพยาบาลผู้ป่วยอายุรศาสตร์
A163: 162 | B163: MEDCMU-002301 | C163: Vital Sign Monitors | D163: เครื่องติดตามการทำงานของหัวใจและสัญญาณชีพ | E163: Nihon Kohden | F163: SVM-7603 | G163: 0004816 | H163: HI920209-6545-018-0388/62(2) | I163: หอผู้ป่วยอายุรกรรมชาย 1 | J163: หอผู้ป่วยอายุรกรรมชาย 1 | K163: งานการพยาบาลผู้ป่วยอายุรศาสตร์
A164: 163 | B164: MEDCMU-002326 | C164: Vital Sign Monitors | D164: เครื่องติดตามการทำงานของหัวใจและสัญญาณชีพ | E164: Nihon Kohden | F164: SVM-7260 | G164: 00069 | H164: HI920209-6515-026-0003/63(1) | I164: หอผู้ป่วยอายุรกรรมชาย 1 | J164: หอผู้ป่วยอายุรกรรมชาย 1 | K164: งานการพยาบาลผู้ป่วยอายุรศาสตร์
A165: 164 | B165: MEDCMU-002368 | C165: Vital Sign Monitors | D165: เครื่องติดตามการทำงานของหัวใจและสัญญาณชีพ | E165: Philips | F165: SureSigns VM6 | G165: US91930648 | H165: HI920209-6515-026-0008/52(7) | I165: หอผู้ป่วยอายุรกรรมชาย 1 | J165: หอผู้ป่วยอายุรกรรมชาย 1 | K165: งานการพยาบาลผู้ป่วยอายุรศาสตร์
A166: 165 | B166: MEDCMU-002391 | C166: Vital Sign Monitors | D166: เครื่องติดตามการทำงานของหัวใจและสัญญาณชีพ | E166: Nihon Kohden | F166: SVM-7603 | G166: 0004999 | H166: DF0409-6545-018-03888/61(1) | I166: หอผู้ป่วยอายุรกรรมชาย 3 | J166: หอผู้ป่วยอายุรกรรมชาย 3 | K166: งานการพยาบาลผู้ป่วยอายุรศาสตร์
... A187: 186 | B187: MEDCMU-002675 | C187: Drop tone,Doppler | D187: เครื่องฟังเสียงหัวใจทารกในครรภ์ | E187: Natus Neuro | F187: IMEXDOP CT+ | G187: CTVR0125 | H187: GB070209-6545-018-0283/60(1) | I187: หอผู้ป่วยพิเศษสุจิณโณ 13 | J187: หอผู้ป่วยพิเศษสุจิณโณ 13 | K187: งานการพยาบาลผู้ป่วยพิเศษเฉพาะทาง
A188: 187 | B188: MEDCMU-002679 | C188: Pulse Oximeter | D188: เครื่องวัดเปอร์เซ็นต์ความอิ่มตัวของออกซิเจนในเลือด | E188: Covidien | F188: Bedside SpO2 | H188: DF0409-6670-001-0256/58(2) | I188: หอผู้ป่วยพิเศษสุจิณโณ 13 | J188: หอผู้ป่วยพิเศษสุจิณโณ 13 | K188: งานการพยาบาลผู้ป่วยพิเศษเฉพาะทาง
A189: 188 | B189: MEDCMU-002680 | C189: Vital Sign Monitors | D189: เครื่องติดตามการทำงานของหัวใจและสัญญาณชีพ | E189: BLT | F189: V9 | G189: V094E000024 | H189: HI920209-6515-026-0003/61(4) | I189: หอผู้ป่วยพิเศษสุจิณโณ 13 | J189: หอผู้ป่วยพิเศษสุจิณโณ 13 | K189: งานการพยาบาลผู้ป่วยพิเศษเฉพาะทาง
A190: 189 | B190: MEDCMU-002682 | C190: Vital Sign Monitors | D190: เครื่องติดตามการทำงานของหัวใจและสัญญาณชีพ | E190: GE | F190: ProCare Auscultatory | G190: AAW08470061SA | H190: DF(1)09-6515-021-0034/52(2) | I190: หอผู้ป่วยพิเศษสุจิณโณ 13 | J190: หอผู้ป่วยพิเศษสุจิณโณ 13 | K190: งานการพยาบาลผู้ป่วยพิเศษเฉพาะทาง
A191: 190 | B191: MEDCMU-002723 | C191: Pulse Oximeter | D191: เครื่องวัดเปอร์เซ็นต์ความอิ่มตัวของออกซิเจนในเลือด | E191: Edan | F191: H100B | G191: 360101-M19810570001 | H191: HI920209-6545-018-0264/63(3) | I191: หอผู้ป่วยพิเศษสุจิณโณ 13 | J191: หอผู้ป่วยพิเศษสุจิณโณ 13 | K191: งานการพยาบาลผู้ป่วยพิเศษเฉพาะทาง
A192: 191 | B192: MEDCMU-002724 | C192: Pulse Oximeter | D192: เครื่องวัดเปอร์เซ็นต์ความอิ่มตัวของออกซิเจนในเลือด | E192: Zacurate | F192: 500BL | H192: Df(1)09-6545-018-0337/59(1) | I192: หอผู้ป่วยพิเศษสุจิณโณ 13 | J192: หอผู้ป่วยพิเศษสุจิณโณ 13 | K192: งานการพยาบาลผู้ป่วยพิเศษเฉพาะทาง
A193: 192 | B193: MEDCMU-002822 | C193: Vital Sign Monitors | D193: เครื่องติดตามการทำงานของหัวใจและสัญญาณชีพ | E193: Bionet | F193: BM5 | G193: D800900014 | H193: DF0409-6530-008-0001/57(2) | I193: หอผู้ป่วยพิเศษสุจิณโณ 12 (พิเศษ 3) | J193: หอผู้ป่วยพิเศษสุจิณโณ 12 (พิเศษ 3) | K193: งานการพยาบาลผู้ป่วยพิเศษเฉพาะทาง
A194: 193 | B194: MEDCMU-002846 | C194: Vital Sign Monitors | D194: เครื่องติดตามการทำงานของหัวใจและสัญญาณชีพ | E194: Philips | F194: SureSigns VM4 | G194: US90328525 | H194: HI920209-6695-021-0008/52(2) | I194: หอผู้ป่วยพิเศษสุจิณโณ 12 (พิเศษ 3) | J194: หอผู้ป่วยพิเศษสุจิณโณ 12 (พิเศษ 3) | K194: งานการพยาบาลผู้ป่วยพิเศษเฉพาะทาง
A195: 194 | B195: MEDCMU-002847 | C195: Vital Sign Monitors | D195: เครื่องติดตามการทำงานของหัวใจและสัญญาณชีพ | E195: BLT | F195: V9 | G195: V094E000025 | H195: HI920209-6515-026-0003/61(5) | I195: หอผู้ป่วยพิเศษสุจิณโณ 12 (พิเศษ 3) | J195: หอผู้ป่วยพิเศษสุจิณโณ 12 (พิเศษ 3) | K195: งานการพยาบาลผู้ป่วยพิเศษเฉพาะทาง
A196: 195 | B196: MEDCMU-002866 | C196: Pulse Oximeter | D196: เครื่องวัดเปอร์เซ็นต์ความอิ่มตัวของออกซิเจนในเลือด | E196: Edan | F196: H100B | G196: 360101-M19810570005 | H196: HI920209-6545-018-0264/63(4) | I196: หอผู้ป่วยพิเศษสุจิณโณ 12 (พิเศษ 3) | J196: หอผู้ป่วยพิเศษสุจิณโณ 12 (พิเศษ 3) | K196: งานการพยาบาลผู้ป่วยพิเศษเฉพาะทาง
A197: 196 | B197: MEDCMU-002867 | C197: Pulse Oximeter | D197: เครื่องวัดเปอร์เซ็นต์ความอิ่มตัวของออกซิเจนในเลือด | E197: GE | F197: Ohmeda TuffSat | G197: FCB13520147SA | H197: DF0409-6670-001-0263/57(18) | I197: หอผู้ป่วยพิเศษสุจิณโณ 12 (พิเศษ 3) | J197: หอผู้ป่วยพิเศษสุจิณโณ 12 (พิเศษ 3) | K197: งานการพยาบาลผู้ป่วยพิเศษเฉพาะทาง
A198: 197 | B198: MEDCMU-002874 | C198: Electrocardiography | D198: เครื่องตรวจวิเคราะห์คลื่นไฟฟ้าหัวใจ | E198: Fukuda Denshi | F198: Cardimax FX-7102 | G198: 50002152 | H198: DF(1)09-6530-008-0009/54(2) | I198: หอผู้ป่วยพิเศษสุจิณโณ 12 (พิเศษ 3) | J198: หอผู้ป่วยพิเศษสุจิณโณ 12 (พิเศษ 3) | K198: งานการพยาบาลผู้ป่วยพิเศษเฉพาะทาง
A199: 198 | B199: MEDCMU-002970 | C199: Electrocardiography | D199: เครื่องตรวจวิเคราะห์คลื่นไฟฟ้าหัวใจ | E199: Fukuda Denshi | F199: CardiMax FCP-7101 | G199: 50001791 | H199: DF(1)09-6545-018-0262/62(1) | I199: หอผู้ป่วยพิเศษสุจิณโณ 14 | J199: หอผู้ป่วยพิเศษสุจิณโณ 14 | K199: งานการพยาบาลผู้ป่วยพิเศษเฉพาะทาง
A200: 199 | B200: MEDCMU-003084 | C200: Vital Sign Monitors | D200: เครื่องติดตามการทำงานของหัวใจและสัญญาณชีพ | E200: Philips | F200: SureSigns VM4 | G200: US94344550 | H200: HI920209-6695-021-0815/54(1) | I200: หอผู้ป่วยพิเศษสุจิณโณ 14 | J200: หอผู้ป่วยพิเศษสุจิณโณ 14 | K200: งานการพยาบาลผู้ป่วยพิเศษเฉพาะทาง
A201: 200 | B201: MEDCMU-003194 | C201: Drop tone,Doppler | D201: เครื่องฟังเสียงหัวใจทารกในครรภ์ | E201: Natus Neuro | F201: IMEXDOP CT+ | G201: CTVQ0670 | H201: GB070209-6545-018-0283/60(1) | I201: หอผู้ป่วยพิเศษบุญสม 7 | J201: หอผู้ป่วยพิเศษบุญสม 7 | K201: งานการพยาบาลผู้ป่วยพิเศษเฉพาะทาง
A202: 201 | B202: MEDCMU-003217 | C202: Vital Sign Monitors | D202: เครื่องติดตามการทำงานของหัวใจและสัญญาณชีพ | E202: BLT | F202: V9 | G202: V094E000021 | H202: HI920209-6515-026-0003/61(1) | I202: หอผู้ป่วยพิเศษสุจิณโณ 14 | J202: หอผู้ป่วยพิเศษสุจิณโณ 14 | K202: งานการพยาบาลผู้ป่วยพิเศษเฉพาะทาง
A203: 202 | B203: MEDCMU-003219 | C203: Pulse Oximeter | D203: เครื่องวัดเปอร์เซ็นต์ความอิ่มตัวของออกซิเจนในเลือด | E203: Edan | F203: H100B | G203: 360101-M19810570009 | H203: HI920209-6545-018-0264/63(2) | I203: หอผู้ป่วยพิเศษสุจิณโณ 14 | J203: หอผู้ป่วยพิเศษสุจิณโณ 14 | K203: งานการพยาบาลผู้ป่วยพิเศษเฉพาะทาง
A204: 203 | B204: MEDCMU-003221 | C204: Vital Sign Monitors | D204: เครื่องติดตามการทำงานของหัวใจและสัญญาณชีพ | E204: Philips | F204: SureSigns VM4 | G204: US94339197 | H204: HI920209-6695-021-0789/53(2) | I204: หอผู้ป่วยพิเศษสุจิณโณ 14 | J204: หอผู้ป่วยพิเศษสุจิณโณ 14 | K204: งานการพยาบาลผู้ป่วยพิเศษเฉพาะทาง
... A254: 253 | B254: MEDCMU-004321 | C254: Drop tone,Doppler | D254: เครื่องฟังเสียงหัวใจทารกในครรภ์ | E254: Nicolet | F254: Elite 200R | G254: ECJ1023 | H254: HI920209-6695-021-0798/52(2) | I254: หอผู้ป่วยออร์โธปิดิกส์ชาย 1 | J254: หอผู้ป่วยออร์โธปิดิกส์ชาย 1 | K254: งานการพยาบาลผู้ป่วยออร์โธปิดิกส์
A255: 254 | B255: MEDCMU-004322 | C255: Vital Sign Monitors | D255: เครื่องติดตามการทำงานของหัวใจและสัญญาณชีพ | E255: CSI Criticare | F255: 506N3 | H255: DF0409-6515-026-0003/58(2) | I255: หอผู้ป่วยออร์โธปิดิกส์ชาย 1 | J255: หอผู้ป่วยออร์โธปิดิกส์ชาย 1 | K255: งานการพยาบาลผู้ป่วยออร์โธปิดิกส์
A256: 255 | B256: MEDCMU-004365 | C256: Vital Sign Monitors | D256: เครื่องติดตามการทำงานของหัวใจและสัญญาณชีพ | E256: Edan | F256: M3A | G256: 260080-M1605160007-01 | H256: DF0409-6515-026-0003/59(24) | I256: หอผู้ป่วยออร์โธปิดิกส์ชาย 2 | J256: หอผู้ป่วยออร์โธปิดิกส์ชาย 2 | K256: งานการพยาบาลผู้ป่วยออร์โธปิดิกส์
A257: 256 | B257: MEDCMU-004386 | C257: Drop tone,Doppler | D257: เครื่องฟังเสียงหัวใจทารกในครรภ์ | E257: Nicolet | F257: Elite 200R | G257: ECJ1020 | H257: HI920209-6695-021-0798/52(3) | I257: หอผู้ป่วยออร์โธปิดิกส์ชาย 2 | J257: หอผู้ป่วยออร์โธปิดิกส์ชาย 2 | K257: งานการพยาบาลผู้ป่วยออร์โธปิดิกส์
A258: 257 | B258: MEDCMU-004456 | C258: Vital Sign Monitors | D258: เครื่องติดตามการทำงานของหัวใจและสัญญาณชีพ | E258: Philips | F258: IntelliVue MP20 | G258: DE72851696 | H258: HI09-6520-009-0001/51(1) | I258: หอผู้ป่วยหนักออร์โธปิดิกส์ | J258: หอผู้ป่วยหนักออร์โธปิดิกส์ | K258: งานการพยาบาลผู้ป่วยออร์โธปิดิกส์
A259: 258 | B259: MEDCMU-004457 | C259: Vital Sign Monitors | D259: เครื่องติดตามการทำงานของหัวใจและสัญญาณชีพ | E259: Philips | F259: IntelliVue MP20 | G259: DE72842192 | H259: HI920209-6515-025-0001/52(1) | I259: หอผู้ป่วยหนักออร์โธปิดิกส์ | J259: หอผู้ป่วยหนักออร์โธปิดิกส์ | K259: งานการพยาบาลผู้ป่วยออร์โธปิดิกส์
A260: 259 | B260: MEDCMU-004458 | C260: Vital Sign Monitors | D260: เครื่องติดตามการทำงานของหัวใจและสัญญาณชีพ | E260: Philips | F260: IntelliVue MP20 Junior | G260: DE62223533 | H260: HI920209-6515-025-0001/53(1) | I260: หอผู้ป่วยหนักออร์โธปิดิกส์ | J260: หอผู้ป่วยหนักออร์โธปิดิกส์ | K260: งานการพยาบาลผู้ป่วยออร์โธปิดิกส์
A261: 260 | B261: MEDCMU-004459 | C261: Vital Sign Monitors | D261: เครื่องติดตามการทำงานของหัวใจและสัญญาณชีพ | E261: Philips | F261: SureSigns VM4 | G261: US94344554 | H261: HI920209-6695-021-0815/54(3) | I261: หอผู้ป่วยหนักออร์โธปิดิกส์ | J261: หอผู้ป่วยหนักออร์โธปิดิกส์ | K261: งานการพยาบาลผู้ป่วยออร์โธปิดิกส์
A262: 261 | B262: MEDCMU-004461 | C262: Electrocardiography | D262: เครื่องตรวจวิเคราะห์คลื่นไฟฟ้าหัวใจ | E262: Fukuda Denshi | F262: CardiMax FX-7102 | G262: 50006134 | H262: DF0409-6695-021-0882/57(1) | I262: หอผู้ป่วยหนักออร์โธปิดิกส์ | J262: หอผู้ป่วยหนักออร์โธปิดิกส์ | K262: งานการพยาบาลผู้ป่วยออร์โธปิดิกส์
A263: 262 | B263: MEDCMU-004470 | C263: Vital Sign Monitors | D263: เครื่องติดตามการทำงานของหัวใจและสัญญาณชีพ | E263: Bionet | F263: BM5 | G263: D8O0900019 | H263: DF0409-6530-008-0001/57(3) | I263: หอผู้ป่วยวิกฤตบาดเจ็บไขสันหลัง | J263: หอผู้ป่วยวิกฤตบาดเจ็บไขสันหลัง | K263: งานการพยาบาลผู้ป่วยออร์โธปิดิกส์
A264: 263 | B264: MEDCMU-004471 | C264: Vital Sign Monitors | D264: เครื่องติดตามการทำงานของหัวใจและสัญญาณชีพ | E264: Bionet | F264: BM5 | G264: D8O0900008 | H264: DF0409-6530-008-0001/57(4) | I264: หอผู้ป่วยวิกฤตบาดเจ็บไขสันหลัง | J264: หอผู้ป่วยวิกฤตบาดเจ็บไขสันหลัง | K264: งานการพยาบาลผู้ป่วยออร์โธปิดิกส์
A265: 264 | B265: MEDCMU-004477 | C265: Vital Sign Monitors | D265: เครื่องติดตามการทำงานของหัวใจและสัญญาณชีพ | E265: Philips | F265: SureSigns VM4 | G265: US12558611 | H265: HI920209-6695-019-0057/55(8) | I265: หอผู้ป่วยวิกฤตบาดเจ็บไขสันหลัง | J265: หอผู้ป่วยวิกฤตบาดเจ็บไขสันหลัง | K265: งานการพยาบาลผู้ป่วยออร์โธปิดิกส์
A266: 265 | B266: MEDCMU-004478 | C266: Vital Sign Monitors | D266: เครื่องติดตามการทำงานของหัวใจและสัญญาณชีพ | E266: Philips | F266: SureSigns VM4 | G266: US12558610 | H266: HI920209-6695-019-0057/55(7) | I266: หอผู้ป่วยวิกฤตบาดเจ็บไขสันหลัง | J266: หอผู้ป่วยวิกฤตบาดเจ็บไขสันหลัง | K266: งานการพยาบาลผู้ป่วยออร์โธปิดิกส์
A267: 266 | B267: MEDCMU-004479 | C267: Vital Sign Monitors | D267: เครื่องติดตามการทำงานของหัวใจและสัญญาณชีพ | E267: Philips | F267: SureSigns VM4 | G267: US12558609 | H267: HI920209-6695-019-0057/55(9) | I267: หอผู้ป่วยวิกฤตบาดเจ็บไขสันหลัง | J267: หอผู้ป่วยวิกฤตบาดเจ็บไขสันหลัง | K267: งานการพยาบาลผู้ป่วยออร์โธปิดิกส์
... A311: 310 | B311: MEDCMU-005189 | C311: Drop tone,Doppler | D311: เครื่องฟังเสียงหัวใจทารกในครรภ์ | E311: Natus Neuro | F311: IMEXDOP CT+ | G311: CTVO0538 | H311: HI0409-6695-021-0061/57(2) | I311: หน่วยคลอด | J311: หน่วยคลอด | K311: งานการพยาบาลผู้ป่วยสูติศาสตร์และนรีเวชวิทยา
A312: 311 | B312: MEDCMU-005197 | C312: Radiant Warmer | D312: เครื่องทำความอบอุ่นโดยการแผ่รังสี | E312: Fisher & Paykel Healthcare | H312: HI09-6515-183-0001/51(10 | I312: หน่วยคลอด | J312: หน่วยคลอด | K312: งานการพยาบาลผู้ป่วยสูติศาสตร์และนรีเวชวิทยา
A313: 312 | B313: MEDCMU-005360 | C313: Vital Sign Monitors | D313: เครื่องติดตามการทำงานของหัวใจและสัญญาณชีพ | E313: Philips | F313: SureSigns VM4 | G313: US12577819 | H313: HI920209-6695-021-0789/57(1) | I313: หน่วยตรวจฉุกเฉินและสังเกตอาการอย่างใกล้ชิดสูตินรีเวช | J313: หน่วยตรวจฉุกเฉินและสังเกตอาการอย่างใกล้ชิดสูตินรีเวช | K313: งานการพยาบาลผู้ป่วยสูติศาสตร์และนรีเวชวิทยา
A314: 313 | B314: MEDCMU-005361 | C314: Vital Sign Monitors | D314: เครื่องติดตามการทำงานของหัวใจและสัญญาณชีพ | E314: Philips | F314: Efficia CM10 | G314: CN62609843 | H314: DF(1)09-6515-026-0003/59(2) | I314: หน่วยตรวจฉุกเฉินและสังเกตอาการอย่างใกล้ชิดสูตินรีเวช | J314: หน่วยตรวจฉุกเฉินและสังเกตอาการอย่างใกล้ชิดสูตินรีเวช | K314: งานการพยาบาลผู้ป่วยสูติศาสตร์และนรีเวชวิทยา
A315: 314 | B315: MEDCMU-005362 | C315: Vital Sign Monitors | D315: เครื่องติดตามการทำงานของหัวใจและสัญญาณชีพ | E315: Nihon Kohden | F315: BSM-6301K | G315: 03132 | H315: HI920209-6545-018-0016/54(1) | I315: หน่วยตรวจฉุกเฉินและสังเกตอาการอย่างใกล้ชิดสูตินรีเวช | J315: หน่วยตรวจฉุกเฉินและสังเกตอาการอย่างใกล้ชิดสูตินรีเวช | K315: งานการพยาบาลผู้ป่วยสูติศาสตร์และนรีเวชวิทยา
A316: 315 | B316: MEDCMU-005379 | C316: Electrocardiography | D316: เครื่องตรวจวิเคราะห์คลื่นไฟฟ้าหัวใจ | E316: GE Healthcare | F316: MAC1200ST | G316: 550061933 | H316: DF09-6515-345-0002/56(2) | I316: หน่วยตรวจฉุกเฉินและสังเกตอาการอย่างใกล้ชิดสูตินรีเวช | J316: หน่วยตรวจฉุกเฉินและสังเกตอาการอย่างใกล้ชิดสูตินรีเวช | K316: งานการพยาบาลผู้ป่วยสูติศาสตร์และนรีเวชวิทยา
A317: 316 | B317: MEDCMU-005428 | C317: Vital Sign Monitors | D317: เครื่องติดตามการทำงานของหัวใจและสัญญาณชีพ | E317: Rencare | F317: i7000 | G317: 1911180200330028 | H317: DF0409-6515-026-0004/62(2) | I317: หน่วยเคมีบำบัดผู้ป่วยนอก 2 | J317: หน่วยเคมีบำบัดผู้ป่วยนอก 2 | K317: งานการพยาบาลผู้ป่วยสูติศาสตร์และนรีเวชวิทยา
A318: 317 | B318: MEDCMU-005482 | C318: Electrosurgical Unit | D318: เครื่องจี้และตัดด้วยไฟฟ้า | E318: KLS Matin | F318: ME 402 Maxium | G318: ME40210201071212 | H318: DF(1)09-6695-021-0462/51(1) | I318: หน่วยผ่าตัดและพักฟื้นสูตินรีเวช | J318: หน่วยผ่าตัดและพักฟื้นสูตินรีเวช | K318: งานการพยาบาลผู้ป่วยสูติศาสตร์และนรีเวชวิทยา
A319: 318 | B319: MEDCMU-005490 | C319: Electrosurgical Unit | D319: เครื่องจี้และตัดด้วยไฟฟ้า | E319: Olympus | F319: ESG-400 | G319: B006841 | H319: HI920209-6545-018-0486/63(1) | I319: ภาควิชาสูติศาสตร์และนรีเวชวิทยา | J319: หน่วยผ่าตัดและพักฟื้นสูตินรีเวช | K319: งานการพยาบาลผู้ป่วยสูติศาสตร์และนรีเวชวิทยา
A320: 319 | B320: MEDCMU-005536 | C320: Radiant Warmer | D320: เครื่องทำความอบอุ่นโดยการแผ่รังสี | E320: Fisher & Paykel Healthcare | G320: 05099000929 | H320: HI09-6515-183-0001/49.1 | I320: หน่วยผ่าตัดและพักฟื้นสูตินรีเวช | J320: หน่วยผ่าตัดและพักฟื้นสูตินรีเวช | K320: งานการพยาบาลผู้ป่วยสูติศาสตร์และนรีเวชวิทยา
A321: 320 | B321: MEDCMU-005557 | C321: Electrosurgical Unit | D321: เครื่องจี้และตัดด้วยไฟฟ้า | E321: ConMed | F321: Excalibur Plus PC | G321: 97EGE029 | H321: 6515-339-01/10/1-40 | I321: หน่วยผ่าตัดและพักฟื้นสูตินรีเวช | J321: หน่วยผ่าตัดและพักฟื้นสูตินรีเวช | K321: งานการพยาบาลผู้ป่วยสูติศาสตร์และนรีเวชวิทยา
A322: 321 | B322: MEDCMU-005616 | C322: Vital Sign Monitors | D322: เครื่องติดตามการทำงานของหัวใจและสัญญาณชีพ | E322: Edan | F322: M3A | G322: 261164-M17401090025-01 | H322: DF0409-6515-026-0003/59(22) | I322: หน่วยตรวจฉุกเฉินและสังเกตอาการอย่างใกล้ชิดสูตินรีเวช | J322: หน่วยตรวจฉุกเฉินและสังเกตอาการอย่างใกล้ชิดสูตินรีเวช | K322: งานการพยาบาลผู้ป่วยสูติศาสตร์และนรีเวชวิทยา
A323: 322 | B323: MEDCMU-005628 | C323: Electrosurgical Unit | D323: เครื่องจี้และตัดด้วยไฟฟ้า | E323: Ellman | F323: Surgitron F.F.P.F. EMC | G323: 9130005990 | H323: GB070209-6545-015-0016/54(2) | I323: ห้องตรวจเบอร์ 3 ( ห้องตรวจสูตินรีเวชกรรม) | J323: ห้องตรวจเบอร์ 3 ( ห้องตรวจสูตินรีเวชกรรม) | K323: งานการพยาบาลผู้ป่วยนอกและผู้ป่วยฉุกเฉิน
A324: 323 | B324: MEDCMU-005634 | C324: Infant Incubator | D324: ตู้อบเด็ก | E324: Drager | F324: TI500 | G324: VX07297 | H324: HI920209-6695-022-0088/53(1) | I324: หน่วยคลอด | J324: หน่วยคลอด | K324: งานการพยาบาลผู้ป่วยสูติศาสตร์และนรีเวชวิทยา
A325: 324 | B325: MEDCMU-005635 | C325: Infant Incubator | D325: ตู้อบเด็ก | E325: Drager | F325: TI500 | G325: JC13039 | H325: HI920209-6695-022-0094/63(1) | I325: หน่วยคลอด | J325: หน่วยคลอด | K325: งานการพยาบาลผู้ป่วยสูติศาสตร์และนรีเวชวิทยา
A326: 325 | B326: MEDCMU-005636 | C326: Infant Incubator | D326: ตู้อบเด็ก | E326: Medix | F326: TR-200 | G326: 29401A | H326: DF(1)09-6545-018-0048/62(1) | I326: หน่วยคลอด | J326: หน่วยคลอด | K326: งานการพยาบาลผู้ป่วยสูติศาสตร์และนรีเวชวิทยา
A327: 326 | B327: MEDCMU-005641 | C327: Vital Sign Monitors | D327: เครื่องติดตามการทำงานของหัวใจและสัญญาณชีพ | E327: Drager | F327: Vista 120S | G327: S1SKM0001 | H327: DF(1)09-6545-018-0029/62(1) | I327: หน่วยคลอด | J327: หน่วยคลอด | K327: งานการพยาบาลผู้ป่วยสูติศาสตร์และนรีเวชวิทยา
A328: 327 | B328: MEDCMU-005642 | C328: Vital Sign Monitors | D328: เครื่องติดตามการทำงานของหัวใจและสัญญาณชีพ | E328: Philips | F328: SureSigns VM4 | G328: US90328528 | H328: HI920209-6695-021-0815/52(5) | I328: หน่วยคลอด | J328: หน่วยคลอด | K328: งานการพยาบาลผู้ป่วยสูติศาสตร์และนรีเวชวิทยา
A329: 328 | B329: MEDCMU-005643 | C329: Drop tone,Doppler | D329: เครื่องฟังเสียงหัวใจทารกในครรภ์ | E329: Natus Neuro | F329: IMEXDOP CT+ | G329: CTVR0267 | H329: DF0409-6695-021-0144/59(5) | I329: หน่วยคลอด | J329: หน่วยคลอด | K329: งานการพยาบาลผู้ป่วยสูติศาสตร์และนรีเวชวิทยา
A330: 329 | B330: MEDCMU-005644 | C330: Drop tone,Doppler | D330: เครื่องฟังเสียงหัวใจทารกในครรภ์ | E330: Natus Neuro | F330: IMEXDOP CT+ | G330: CTVR0168 | H330: DF0409-6695-021-0144/59(2) | I330: หน่วยคลอด | J330: หน่วยคลอด | K330: งานการพยาบาลผู้ป่วยสูติศาสตร์และนรีเวชวิทยา
A331: 330 | B331: MEDCMU-005645 | C331: Drop tone,Doppler | D331: เครื่องฟังเสียงหัวใจทารกในครรภ์ | E331: Natus Neuro | F331: IMEXDOP CT+ | G331: CTVR0159 | H331: DF0409-6695-021-0144/59(3) | I331: หน่วยคลอด | J331: หน่วยคลอด | K331: งานการพยาบาลผู้ป่วยสูติศาสตร์และนรีเวชวิทยา
A332: 331 | B332: MEDCMU-005646 | C332: Fetal Monitors | D332: เครื่องบันทึกการบีบตัวของมดลูกและการเต้นของหัวใจเด็กในครรภ์ | E332: GE | F332: Cerometrics 256 | G332: SDL17190059PAS | H332: HI920209-6545-018-0300/60(1) | I332: หน่วยคลอด | J332: หน่วยคลอด | K332: งานการพยาบาลผู้ป่วยสูติศาสตร์และนรีเวชวิทยา
... A351: 350 | B351: MEDCMU-006163 | C351: Pulse Oximeter | D351: เครื่องวัดเปอร์เซ็นต์ความอิ่มตัวของออกซิเจนในเลือด | E351: Masimo | F351: Rad-8 | G351: M98467 | H351: DF0409-6545-018-0271/59(2) | I351: หอผู้ป่วยทารกแรกเกิด 2 | J351: หอผู้ป่วยทารกแรกเกิด 2 | K351: งานการพยาบาลผู้ป่วยกุมารเวชศาสตร์
A352: 351 | B352: MEDCMU-006166 | C352: Pulse Oximeter | D352: เครื่องวัดเปอร์เซ็นต์ความอิ่มตัวของออกซิเจนในเลือด | E352: Covidien | F352: PM10N | H352: DF(1)09-6545-018-0264/61(3) | I352: หอผู้ป่วยทารกแรกเกิด 2 | J352: หอผู้ป่วยทารกแรกเกิด 2 | K352: งานการพยาบาลผู้ป่วยกุมารเวชศาสตร์
A353: 352 | B353: MEDCMU-006246 | C353: Vital Sign Monitors | D353: เครื่องติดตามการทำงานของหัวใจและสัญญาณชีพ | E353: CSI Criticare | F353: 506DN | G353: 215721472 | H353: DF0409-6515-026-0003/57(19) | I353: หอผู้ป่วยกุมารเวชกรรม 3 | J353: หอผู้ป่วยกุมารเวชกรรม 3 | K353: งานการพยาบาลผู้ป่วยกุมารเวชศาสตร์
A354: 353 | B354: MEDCMU-006248 | C354: Vital Sign Monitors | D354: เครื่องติดตามการทำงานของหัวใจและสัญญาณชีพ | E354: Infinium Medical | F354: Omni | G354: 3G5AAIS-035 | H354: HI09-6695-021-1001/51(2) | I354: หอผู้ป่วยกุมารเวชกรรม 3 | J354: หอผู้ป่วยกุมารเวชกรรม 3 | K354: งานการพยาบาลผู้ป่วยกุมารเวชศาสตร์
A355: 354 | B355: MEDCMU-006283 | C355: Vital Sign Monitors | D355: เครื่องติดตามการทำงานของหัวใจและสัญญาณชีพ | E355: CSI Criticare | F355: eQuality 506DN | G355: 215721455 | H355: DF0409-6515-026-0003/57(20) | I355: หอผู้ป่วยกุมารเวชกรรม 3 | J355: หอผู้ป่วยกุมารเวชกรรม 3 | K355: งานการพยาบาลผู้ป่วยกุมารเวชศาสตร์
A356: 355 | B356: MEDCMU-006337 | C356: Vital Sign Monitors | D356: เครื่องติดตามการทำงานของหัวใจและสัญญาณชีพ | E356: Edan | F356: iM60 | G356: 360079-M20406990005 | H356: HI920209-6545-018-0494/63(1) | I356: หอผู้ป่วยกุมารเวชกรรม 3 | J356: หอผู้ป่วยกุมารเวชกรรม 3 | K356: งานการพยาบาลผู้ป่วยกุมารเวชศาสตร์
A357: 356 | B357: MEDCMU-006539 | C357: Pulse Oximeter | D357: เครื่องวัดเปอร์เซ็นต์ความอิ่มตัวของออกซิเจนในเลือด | E357: Covidien | F357: PM10N | G357: MBP2000909 | H357: DF(1)09-6545-018-0258/63(5) | I357: หอผู้ป่วยกุมารเวชกรรม 3 | J357: หอผู้ป่วยกุมารเวชกรรม 3 | K357: งานการพยาบาลผู้ป่วยกุมารเวชศาสตร์
A358: 357 | B358: MEDCMU-006545 | C358: Pulse Oximeter | D358: เครื่องวัดเปอร์เซ็นต์ความอิ่มตัวของออกซิเจนในเลือด | E358: Mindray | F358: PM-60 | G358: CR-95204189 | H358: HI920209-6545-018-0264/62(1) | I358: หอผู้ป่วยกุมารเวชกรรม 3 | J358: หอผู้ป่วยกุมารเวชกรรม 3 | K358: งานการพยาบาลผู้ป่วยกุมารเวชศาสตร์
A359: 358 | B359: MEDCMU-006845 | C359: Radiant Warmer | D359: เครื่องทำความอบอุ่นโดยการแผ่รังสี | E359: Ohmeda | F359: IWS 3300 | G359: HCCP50071 | H359: DF(1)09-6515-022-0007/55(8) | I359: หอผู้ป่วยหนักทารกแรกเกิด 2 | J359: หอผู้ป่วยหนักทารกแรกเกิด 2 | K359: งานการพยาบาลผู้ป่วยกุมารเวชศาสตร์
A360: 359 | B360: MEDCMU-006847 | C360: Radiant Warmer | D360: เครื่องทำความอบอุ่นโดยการแผ่รังสี | E360: Ohmeda | F360: IWS 3300 | G360: HCCP50073 | H360: DF(1)09-6515-022-0007/55(5) | I360: หอผู้ป่วยหนักทารกแรกเกิด 2 | J360: หอผู้ป่วยหนักทารกแรกเกิด 2 | K360: งานการพยาบาลผู้ป่วยกุมารเวชศาสตร์
A361: 360 | B361: MEDCMU-006848 | C361: Radiant Warmer | D361: เครื่องทำความอบอุ่นโดยการแผ่รังสี | E361: Ohmeda | F361: IWS 3300 | G361: HCCP50069 | H361: DF(1)09-6515-022-0007/55(6) | I361: หอผู้ป่วยหนักทารกแรกเกิด 2 | J361: หอผู้ป่วยหนักทารกแรกเกิด 2 | K361: งานการพยาบาลผู้ป่วยกุมารเวชศาสตร์
A362: 361 | B362: MEDCMU-006849 | C362: Radiant Warmer | D362: เครื่องทำความอบอุ่นโดยการแผ่รังสี | E362: Ohmeda | F362: IWS 3300 | G362: HCCP50038 | H362: DF(1)09-6515-022-0007/55(10) | I362: หอผู้ป่วยหนักทารกแรกเกิด 2 | J362: หอผู้ป่วยหนักทารกแรกเกิด 2 | K362: งานการพยาบาลผู้ป่วยกุมารเวชศาสตร์
...

Sheet pivotเรียกคิว
A3: ป้ายชื่อแถว | B3: Count of รหัสเครื่อง | E3: กำหนดการจองคิวบำรุงรักษาเครื่องมือแพทย์ โดยบริษัทภายนอก (N-Health)
A4: งานการพยาบาลผู้ป่วยกุมารเวชศาสตร์ | B4: 71 | E4: ที่ | F4: หน่วยงาน | G4: จำนวน | H4: วันที่ต้องดำเนินจองคิว
A5: งานการพยาบาลผู้ป่วยทั่วไป จิตเวช จักษุและโสต ศอ นาสิก | B5: 36 | E5: 1 | F5: งานการพยาบาลผู้ป่วยทั่วไป จิตเวช จักษุและโสต ศอ นาสิก | G5: 36 | H5: 46253
A6: งานการพยาบาลผู้ป่วยนอกและผู้ป่วยฉุกเฉิน | B6: 100 | E6: 2 | F6: งานการพยาบาลผู้ป่วยนอกและผู้ป่วยฉุกเฉิน | G6: 100
A7: งานการพยาบาลผู้ป่วยผ่าตัดและพักฟื้น | B7: 68 | E7: 3 | F7: งานการพยาบาลผู้ป่วยผ่าตัดและพักฟื้น | G7: 68 | H7: 46254
A8: งานการพยาบาลผู้ป่วยพิเศษเฉพาะทาง | B8: 49 | E8: 4 | F8: งานทันตกรรม | G8: 2
A9: งานการพยาบาลผู้ป่วยพิเศษทั่วไป | B9: 47 | E9: 5 | F9: งานประกันสังคม | G9: 4
A10: งานการพยาบาลผู้ป่วยศัลยศาสตร์ | B10: 184 | E10: 6 | F10: ภาควิชากุมารเวชศาสตร์ | G10: 5
A11: งานการพยาบาลผู้ป่วยสูติศาสตร์และนรีเวชวิทยา | B11: 68 | E11: 7 | F11: ภาควิชาจักษุวิทยา | G11: 1
A12: งานการพยาบาลผู้ป่วยออร์โธปิดิกส์ | B12: 33 | E12: 8 | F12: ภาควิชาเภสัชวิทยา | G12: 1
A13: งานการพยาบาลผู้ป่วยอายุรศาสตร์ | B13: 203 | E13: 9 | F13: ภาควิชารังสีวิทยา | G13: 9
A14: งานซ่อมบำรุง | B14: 19 | E14: 10 | F14: ภาควิชาวิสัญญีวิทยา | G14: 44
A15: งานทันตกรรม | B15: 2 | E15: 11 | F15: ภาควิชาเวชศาสตร์ฟื้นฟู | G15: 1
A16: งานประกันสังคม | B16: 4 | E16: 12 | F16: ภาควิชาโสต ศอ นาสิก วิทยา | G16: 1
A17: ภาควิชากุมารเวชศาสตร์ | B17: 5 | E17: 13 | F17: ภาควิชาอายุรศาสตร์ | G17: 7
A18: ภาควิชาจักษุวิทยา | B18: 1 | E18: 14 | F18: ศูนย์วิจัยและบริการ | G18: 3
A19: ภาควิชาเภสัชวิทยา | B19: 1 | E19: 15 | F19: หน่วยวิศวกรรมชีวการแพทย์ | G19: 19
A20: ภาควิชารังสีวิทยา | B20: 9 | E20: 16 | F20: งานการพยาบาลผู้ป่วยศัลยศาสตร์ | G20: 184 | H20: 46255
A21: ภาควิชาวิสัญญีวิทยา | B21: 44 | E21: 17 | F21: งานการพยาบาลผู้ป่วยพิเศษเฉพาะทาง | G21: 49 | H21: 46258
A22: ภาควิชาเวชศาสตร์ฟื้นฟู | B22: 1 | E22: 18 | F22: งานการพยาบาลผู้ป่วยพิเศษทั่วไป | G22: 47
A23: ภาควิชาโสต ศอ นาสิก วิทยา | B23: 1 | E23: 19 | F23: งานการพยาบาลผู้ป่วยสูติศาสตร์และนรีเวชวิทยา | G23: 68
A24: ภาควิชาอายุรศาสตร์ | B24: 7 | E24: 20 | F24: งานการพยาบาลผู้ป่วยออร์โธปิดิกส์ | G24: 33
A25: ศูนย์วิจัยและบริการ | B25: 3 | E25: 21 | F25: งานการพยาบาลผู้ป่วยอายุรศาสตร์ | G25: 203 | H25: 46259
A26: (ว่าง) | E26: 22 | F26: งานการพยาบาลผู้ป่วยกุมารเวชศาสตร์ | G26: 71 | H26: 46260
A27: ผลรวมทั้งหมด | B27: 956 | E27: รวม | G27: =SUM(G5:G26)&" เครื่อง" -> 956 เครื่อง

Sheet เซ็นชื่อ
A1: วันที่ | B1: คิว | C1: รหัสเครื่อง | D1: ชื่อเครื่อง | E1: ยี่ห้อ | F1: รุ่น | G1: หน่วยงานผู้ใช้ | H1: แล้วเสร็จ | I1: โทรแจ้งวอร์ด | J1: เซ็นรับเครื่องคืน / วันที่
A2: =IF(จองคิว!C911="","",จองคิว!C911) -> 46295 | C2: =IF(จองคิว!F911="","",จองคิว!F911) -> MEDCMU-011224 | D2: =INDEX('เครื่องมือแพทย์ (956)'!$C:$C,MATCH(C2,'เครื่องมือแพทย์ (956)'!$B:$B,0)) -> Vital Sign Monitors | E2: =INDEX('เครื่องมือแพทย์ (956)'!$E:$E,MATCH(C2,'เครื่องมือแพทย์ (956)'!$B:$B,0)) -> GE | F2: =INDEX('เครื่องมือแพทย์ (956)'!$F:$F,MATCH(C2,'เครื่องมือแพทย์ (956)'!$B:$B,0)) -> Dash 2500 | G2: =INDEX('เครื่องมือแพทย์ (956)'!$J:$J,MATCH(C2,'เครื่องมือแพทย์ (956)'!$B:$B,0)) -> ห้องผ่าตัดเล็ก 3
A3: =IF(จองคิว!C912="","",จองคิว!C912) -> 46295 | C3: =IF(จองคิว!F912="","",จองคิว!F912) -> MEDCMU-013862 | D3: =INDEX('เครื่องมือแพทย์ (956)'!$C:$C,MATCH(C3,'เครื่องมือแพทย์ (956)'!$B:$B,0)) -> Electrosurgical Unit | E3: =INDEX('เครื่องมือแพทย์ (956)'!$E:$E,MATCH(C3,'เครื่องมือแพทย์ (956)'!$B:$B,0)) -> Bernard | F3: =INDEX('เครื่องมือแพทย์ (956)'!$F:$F,MATCH(C3,'เครื่องมือแพทย์ (956)'!$B:$B,0)) -> ESU300L | G3: =INDEX('เครื่องมือแพทย์ (956)'!$J:$J,MATCH(C3,'เครื่องมือแพทย์ (956)'!$B:$B,0)) -> ห้องผ่าตัดเล็ก 1
A4: =IF(จองคิว!C913="","",จองคิว!C913) -> 46295 | C4: =IF(จองคิว!F913="","",จองคิว!F913) -> MEDCMU-013863 | D4: =INDEX('เครื่องมือแพทย์ (956)'!$C:$C,MATCH(C4,'เครื่องมือแพทย์ (956)'!$B:$B,0)) -> Electrosurgical Unit | E4: =INDEX('เครื่องมือแพทย์ (956)'!$E:$E,MATCH(C4,'เครื่องมือแพทย์ (956)'!$B:$B,0)) -> Ellmann | F4: =INDEX('เครื่องมือแพทย์ (956)'!$F:$F,MATCH(C4,'เครื่องมือแพทย์ (956)'!$B:$B,0)) -> Surgitron F.F.P.F. EMC | G4: =INDEX('เครื่องมือแพทย์ (956)'!$J:$J,MATCH(C4,'เครื่องมือแพทย์ (956)'!$B:$B,0)) -> ห้องผ่าตัดเล็ก 2
A5: =IF(จองคิว!C914="","",จองคิว!C914) -> 46295 | C5: =IF(จองคิว!F914="","",จองคิว!F914) -> MEDCMU-013867 | D5: =INDEX('เครื่องมือแพทย์ (956)'!$C:$C,MATCH(C5,'เครื่องมือแพทย์ (956)'!$B:$B,0)) -> Electrosurgical Unit | E5: =INDEX('เครื่องมือแพทย์ (956)'!$E:$E,MATCH(C5,'เครื่องมือแพทย์ (956)'!$B:$B,0)) -> Ellmann | F5: =INDEX('เครื่องมือแพทย์ (956)'!$F:$F,MATCH(C5,'เครื่องมือแพทย์ (956)'!$B:$B,0)) -> Surgitron F.F.P.F. EMC | G5: =INDEX('เครื่องมือแพทย์ (956)'!$J:$J,MATCH(C5,'เครื่องมือแพทย์ (956)'!$B:$B,0)) -> ห้องผ่าตัดเล็ก 2
A6: =IF(จองคิว!C915="","",จองคิว!C915) -> 46295 | C6: =IF(จองคิว!F915="","",จองคิว!F915) -> MEDCMU-014057 | D6: =INDEX('เครื่องมือแพทย์ (956)'!$C:$C,MATCH(C6,'เครื่องมือแพทย์ (956)'!$B:$B,0)) -> Electrosurgical Unit | E6: =INDEX('เครื่องมือแพทย์ (956)'!$E:$E,MATCH(C6,'เครื่องมือแพทย์ (956)'!$B:$B,0)) -> Conmed | F6: =INDEX('เครื่องมือแพทย์ (956)'!$F:$F,MATCH(C6,'เครื่องมือแพทย์ (956)'!$B:$B,0)) -> Aspen MF180B | G6: =INDEX('เครื่องมือแพทย์ (956)'!$J:$J,MATCH(C6,'เครื่องมือแพทย์ (956)'!$B:$B,0)) -> ห้องผ่าตัดเล็ก 3
A7: =IF(จองคิว!C916="","",จองคิว!C916) -> 46295 | C7: =IF(จองคิว!F916="","",จองคิว!F916) -> MEDCMU-014078 | D7: =INDEX('เครื่องมือแพทย์ (956)'!$C:$C,MATCH(C7,'เครื่องมือแพทย์ (956)'!$B:$B,0)) -> Electrosurgical Unit | E7: =INDEX('เครื่องมือแพทย์ (956)'!$E:$E,MATCH(C7,'เครื่องมือแพทย์ (956)'!$B:$B,0)) -> Alsa | F7: =INDEX('เครื่องมือแพทย์ (956)'!$F:$F,MATCH(C7,'เครื่องมือแพทย์ (956)'!$B:$B,0)) -> Excell 200 MCDS | G7: =INDEX('เครื่องมือแพทย์ (956)'!$J:$J,MATCH(C7,'เครื่องมือแพทย์ (956)'!$B:$B,0)) -> ห้องผ่าตัดเล็ก 3
A8: =IF(จองคิว!C917="","",จองคิว!C917) -> 46295 | C8: =IF(จองคิว!F917="","",จองคิว!F917) -> MEDCMU-014230 | D8: =INDEX('เครื่องมือแพทย์ (956)'!$C:$C,MATCH(C8,'เครื่องมือแพทย์ (956)'!$B:$B,0)) -> Pulse Oximeter | E8: =INDEX('เครื่องมือแพทย์ (956)'!$E:$E,MATCH(C8,'เครื่องมือแพทย์ (956)'!$B:$B,0)) -> Yuwell | F8: =INDEX('เครื่องมือแพทย์ (956)'!$F:$F,MATCH(C8,'เครื่องมือแพทย์ (956)'!$B:$B,0)) -> YX302 | G8: =INDEX('เครื่องมือแพทย์ (956)'!$J:$J,MATCH(C8,'เครื่องมือแพทย์ (956)'!$B:$B,0)) -> ห้องผ่าตัดเล็ก 1
A9: =IF(จองคิว!C918="","",จองคิว!C918) -> 46295 | C9: =IF(จองคิว!F918="","",จองคิว!F918) -> MEDCMU-018357 | D9: =INDEX('เครื่องมือแพทย์ (956)'!$C:$C,MATCH(C9,'เครื่องมือแพทย์ (956)'!$B:$B,0)) -> Electrosurgical Unit | E9: =INDEX('เครื่องมือแพทย์ (956)'!$E:$E,MATCH(C9,'เครื่องมือแพทย์ (956)'!$B:$B,0)) -> Covidien | F9: =INDEX('เครื่องมือแพทย์ (956)'!$F:$F,MATCH(C9,'เครื่องมือแพทย์ (956)'!$B:$B,0)) -> Valleylab FX8 | G9: =INDEX('เครื่องมือแพทย์ (956)'!$J:$J,MATCH(C9,'เครื่องมือแพทย์ (956)'!$B:$B,0)) -> ห้องผ่าตัดเล็ก 3
A10: =IF(จองคิว!C919="","",จองคิว!C919) -> 46295 | C10: =IF(จองคิว!F919="","",จองคิว!F919) -> MEDCMU-020246 | D10: =INDEX('เครื่องมือแพทย์ (956)'!$C:$C,MATCH(C10,'เครื่องมือแพทย์ (956)'!$B:$B,0)) -> Pulse Oximeter | E10: =INDEX('เครื่องมือแพทย์ (956)'!$E:$E,MATCH(C10,'เครื่องมือแพทย์ (956)'!$B:$B,0)) -> Yuwell | F10: =INDEX('เครื่องมือแพทย์ (956)'!$F:$F,MATCH(C10,'เครื่องมือแพทย์ (956)'!$B:$B,0)) -> YX302 | G10: =INDEX('เครื่องมือแพทย์ (956)'!$J:$J,MATCH(C10,'เครื่องมือแพทย์ (956)'!$B:$B,0)) -> ห้องผ่าตัดเล็ก 2
A11: =IF(จองคิว!C920="","",จองคิว!C920) -> 46295 | C11: =IF(จองคิว!F920="","",จองคิว!F920) -> MEDCMU-019359 | D11: =INDEX('เครื่องมือแพทย์ (956)'!$C:$C,MATCH(C11,'เครื่องมือแพทย์ (956)'!$B:$B,0)) -> Vital Sign Monitors, BedSide | E11: =INDEX('เครื่องมือแพทย์ (956)'!$E:$E,MATCH(C11,'เครื่องมือแพทย์ (956)'!$B:$B,0)) -> Philips | F11: =INDEX('เครื่องมือแพทย์ (956)'!$F:$F,MATCH(C11,'เครื่องมือแพทย์ (956)'!$B:$B,0)) -> Intellivue X3 | G11: =INDEX('เครื่องมือแพทย์ (956)'!$J:$J,MATCH(C11,'เครื่องมือแพทย์ (956)'!$B:$B,0)) -> หอผู้ป่วยหนักออร์โธปิดิกส์
A12: =IF(จองคิว!C921="","",จองคิว!C921) -> 46295 | C12: =IF(จองคิว!F921="","",จองคิว!F921) -> MEDCMU-019360 | D12: =INDEX('เครื่องมือแพทย์ (956)'!$C:$C,MATCH(C12,'เครื่องมือแพทย์ (956)'!$B:$B,0)) -> Vital Sign Monitors, BedSide | E12: =INDEX('เครื่องมือแพทย์ (956)'!$E:$E,MATCH(C12,'เครื่องมือแพทย์ (956)'!$B:$B,0)) -> Philips | F12: =INDEX('เครื่องมือแพทย์ (956)'!$F:$F,MATCH(C12,'เครื่องมือแพทย์ (956)'!$B:$B,0)) -> Intellivue X3 | G12: =INDEX('เครื่องมือแพทย์ (956)'!$J:$J,MATCH(C12,'เครื่องมือแพทย์ (956)'!$B:$B,0)) -> หอผู้ป่วยหนักออร์โธปิดิกส์
A13: =IF(จองคิว!C922="","",จองคิว!C922) -> 46295 | C13: =IF(จองคิว!F922="","",จองคิว!F922) -> MEDCMU-019361 | D13: =INDEX('เครื่องมือแพทย์ (956)'!$C:$C,MATCH(C13,'เครื่องมือแพทย์ (956)'!$B:$B,0)) -> Vital Sign Monitors, BedSide | E13: =INDEX('เครื่องมือแพทย์ (956)'!$E:$E,MATCH(C13,'เครื่องมือแพทย์ (956)'!$B:$B,0)) -> Philips | F13: =INDEX('เครื่องมือแพทย์ (956)'!$F:$F,MATCH(C13,'เครื่องมือแพทย์ (956)'!$B:$B,0)) -> Intellivue X3 | G13: =INDEX('เครื่องมือแพทย์ (956)'!$J:$J,MATCH(C13,'เครื่องมือแพทย์ (956)'!$B:$B,0)) -> หอผู้ป่วยหนักออร์โธปิดิกส์
... A17: =IF(จองคิว!C926="","",จองคิว!C926) -> 46295 | C17: =IF(จองคิว!F926="","",จองคิว!F926) -> MEDCMU-019365 | D17: =INDEX('เครื่องมือแพทย์ (956)'!$C:$C,MATCH(C17,'เครื่องมือแพทย์ (956)'!$B:$B,0)) -> Vital Sign Monitors, BedSide | E17: =INDEX('เครื่องมือแพทย์ (956)'!$E:$E,MATCH(C17,'เครื่องมือแพทย์ (956)'!$B:$B,0)) -> Philips | F17: =INDEX('เครื่องมือแพทย์ (956)'!$F:$F,MATCH(C17,'เครื่องมือแพทย์ (956)'!$B:$B,0)) -> Intellivue X3 | G17: =INDEX('เครื่องมือแพทย์ (956)'!$J:$J,MATCH(C17,'เครื่องมือแพทย์ (956)'!$B:$B,0)) -> หอผู้ป่วยหนักออร์โธปิดิกส์
A18: =IF(จองคิว!#REF!="","",จองคิว!#REF!) -> #REF! | C18: =IF(จองคิว!#REF!="","",จองคิว!#REF!) -> #REF! | D18: =INDEX('เครื่องมือแพทย์ (956)'!$C:$C,MATCH(C18,'เครื่องมือแพทย์ (956)'!$B:$B,0)) -> #REF! | E18: =INDEX('เครื่องมือแพทย์ (956)'!$E:$E,MATCH(C18,'เครื่องมือแพทย์ (956)'!$B:$B,0)) -> #REF! | F18: =INDEX('เครื่องมือแพทย์ (956)'!$F:$F,MATCH(C18,'เครื่องมือแพทย์ (956)'!$B:$B,0)) -> #REF! | G18: =INDEX('เครื่องมือแพทย์ (956)'!$J:$J,MATCH(C18,'เครื่องมือแพทย์ (956)'!$B:$B,0)) -> #REF!
A19: =IF(จองคิว!C927="","",จองคิว!C927) -> 46295 | C19: =IF(จองคิว!F927="","",จองคิว!F927) -> MEDCMU-019990 | D19: =INDEX('เครื่องมือแพทย์ (956)'!$C:$C,MATCH(C19,'เครื่องมือแพทย์ (956)'!$B:$B,0)) -> Electrocardiography | E19: =INDEX('เครื่องมือแพทย์ (956)'!$E:$E,MATCH(C19,'เครื่องมือแพทย์ (956)'!$B:$B,0)) -> Nihon Kohden | F19: =INDEX('เครื่องมือแพทย์ (956)'!$F:$F,MATCH(C19,'เครื่องมือแพทย์ (956)'!$B:$B,0)) -> ECG3350 | G19: =INDEX('เครื่องมือแพทย์ (956)'!$J:$J,MATCH(C19,'เครื่องมือแพทย์ (956)'!$B:$B,0)) -> หน่วยตรวจพิเศษทางระบบหัวใจ และหลอดเลือดแบบภายนอก
A20: =IF(จองคิว!C928="","",จองคิว!C928) -> 46295 | C20: =IF(จองคิว!F928="","",จองคิว!F928) -> MEDCMU-021860 | D20: =INDEX('เครื่องมือแพทย์ (956)'!$C:$C,MATCH(C20,'เครื่องมือแพทย์ (956)'!$B:$B,0)) -> Electrocardiography | E20: =INDEX('เครื่องมือแพทย์ (956)'!$E:$E,MATCH(C20,'เครื่องมือแพทย์ (956)'!$B:$B,0)) -> Nihon Kohden | F20: =INDEX('เครื่องมือแพทย์ (956)'!$F:$F,MATCH(C20,'เครื่องมือแพทย์ (956)'!$B:$B,0)) -> ECG-3350 | G20: =INDEX('เครื่องมือแพทย์ (956)'!$J:$J,MATCH(C20,'เครื่องมือแพทย์ (956)'!$B:$B,0)) -> หน่วยตรวจพิเศษทางระบบหัวใจ และหลอดเลือดแบบภายนอก
A21: =IF(จองคิว!C929="","",จองคิว!C929) -> 46295 | C21: =IF(จองคิว!F929="","",จองคิว!F929) -> MEDCMU-005228 | D21: =INDEX('เครื่องมือแพทย์ (956)'!$C:$C,MATCH(C21,'เครื่องมือแพทย์ (956)'!$B:$B,0)) -> Vital Sign Monitors | E21: =INDEX('เครื่องมือแพทย์ (956)'!$E:$E,MATCH(C21,'เครื่องมือแพทย์ (956)'!$B:$B,0)) -> Heal Force | F21: =INDEX('เครื่องมือแพทย์ (956)'!$F:$F,MATCH(C21,'เครื่องมือแพทย์ (956)'!$B:$B,0)) -> Classic-90 | G21: =INDEX('เครื่องมือแพทย์ (956)'!$J:$J,MATCH(C21,'เครื่องมือแพทย์ (956)'!$B:$B,0)) -> หอผู้ป่วยนรีเวชกรรม
A22: =IF(จองคิว!C930="","",จองคิว!C930) -> 46295 | C22: =IF(จองคิว!F930="","",จองคิว!F930) -> MEDCMU-021271 | D22: =INDEX('เครื่องมือแพทย์ (956)'!$C:$C,MATCH(C22,'เครื่องมือแพทย์ (956)'!$B:$B,0)) -> Pulse Oximeter | E22: =INDEX('เครื่องมือแพทย์ (956)'!$E:$E,MATCH(C22,'เครื่องมือแพทย์ (956)'!$B:$B,0)) -> EDAN | F22: =INDEX('เครื่องมือแพทย์ (956)'!$F:$F,MATCH(C22,'เครื่องมือแพทย์ (956)'!$B:$B,0)) -> H100B | G22: =INDEX('เครื่องมือแพทย์ (956)'!$J:$J,MATCH(C22,'เครื่องมือแพทย์ (956)'!$B:$B,0)) -> หอผู้ป่วยพิเศษบุญสม 7
A23: =IF(จองคิว!C931="","",จองคิว!C931) -> 46295 | C23: =IF(จองคิว!F931="","",จองคิว!F931) -> MEDCMU-018923 | D23: =INDEX('เครื่องมือแพทย์ (956)'!$C:$C,MATCH(C23,'เครื่องมือแพทย์ (956)'!$B:$B,0)) -> Electrocardiography | E23: =INDEX('เครื่องมือแพทย์ (956)'!$E:$E,MATCH(C23,'เครื่องมือแพทย์ (956)'!$B:$B,0)) -> Nihon Kohden | F23: =INDEX('เครื่องมือแพทย์ (956)'!$F:$F,MATCH(C23,'เครื่องมือแพทย์ (956)'!$B:$B,0)) -> ECG-2350 | G23: =INDEX('เครื่องมือแพทย์ (956)'!$J:$J,MATCH(C23,'เครื่องมือแพทย์ (956)'!$B:$B,0)) -> หอผู้ป่วยกุมารเวชกรรม 2
A24: =IF(จองคิว!#REF!="","",จองคิว!#REF!) -> #REF! | C24: =IF(จองคิว!#REF!="","",จองคิว!#REF!) -> #REF! | D24: =INDEX('เครื่องมือแพทย์ (956)'!$C:$C,MATCH(C24,'เครื่องมือแพทย์ (956)'!$B:$B,0)) -> #REF! | E24: =INDEX('เครื่องมือแพทย์ (956)'!$E:$E,MATCH(C24,'เครื่องมือแพทย์ (956)'!$B:$B,0)) -> #REF! | F24: =INDEX('เครื่องมือแพทย์ (956)'!$F:$F,MATCH(C24,'เครื่องมือแพทย์ (956)'!$B:$B,0)) -> #REF! | G24: =INDEX('เครื่องมือแพทย์ (956)'!$J:$J,MATCH(C24,'เครื่องมือแพทย์ (956)'!$B:$B,0)) -> #REF!
A25: =IF(จองคิว!#REF!="","",จองคิว!#REF!) -> #REF! | C25: =IF(จองคิว!#REF!="","",จองคิว!#REF!) -> #REF! | D25: =INDEX('เครื่องมือแพทย์ (956)'!$C:$C,MATCH(C25,'เครื่องมือแพทย์ (956)'!$B:$B,0)) -> #REF! | E25: =INDEX('เครื่องมือแพทย์ (956)'!$E:$E,MATCH(C25,'เครื่องมือแพทย์ (956)'!$B:$B,0)) -> #REF! | F25: =INDEX('เครื่องมือแพทย์ (956)'!$F:$F,MATCH(C25,'เครื่องมือแพทย์ (956)'!$B:$B,0)) -> #REF! | G25: =INDEX('เครื่องมือแพทย์ (956)'!$J:$J,MATCH(C25,'เครื่องมือแพทย์ (956)'!$B:$B,0)) -> #REF!

Sheet OR (OS)
A1: ลำดับ | B1: รหัสเครื่อง | C1: ชื่อเครื่อง | D1: ชื่อเครื่องภาษาไทย | E1: ยี่ห้อ | F1: รุ่น | G1: SerialNo | H1: เลขครุภัณฑ์ | I1: ชื่อหน่วยงานเจ้าของเครื่อง | J1: ชื่อหน่วยงานที่ใช้เครื่อง | K1: งาน | L1: หมายเหตุ
A2: 1 | B2: MEDCMU-001377 | C2: Electrosurgical Unit | D2: เครื่องจี้และตัดด้วยไฟฟ้า | E2: Covidien | F2: Force FX | G2: S6A20384AX | H2: DF0409-6545-015-0051/58(1) | I2: หน่วยผ่าตัดที่ 2 | J2: หน่วยผ่าตัดที่ 2 | K2: งานการพยาบาลผู้ป่วยผ่าตัดและพักฟื้น | L2: OS
A3: 2 | B3: MEDCMU-001429 | C3: Vital Sign Monitors | D3: เครื่องติดตามการทำงานของหัวใจและสัญญาณชีพ | E3: Nihon Kohden | F3: BSM-3562 | G3: 26241 | H3: DF0409-6545-018-0452/62(1) | I3: ภาควิชาวิสัญญีวิทยา | J3: ภาควิชาวิสัญญีวิทยา | K3: ภาควิชาวิสัญญีวิทยา | L3: OS
A4: 3 | B4: MEDCMU-001431 | C4: Electrosurgical Unit | D4: เครื่องจี้และตัดด้วยไฟฟ้า | E4: Sutter Medizintechnik | F4: BM-780 II | G4: 780II0100091834 | H4: GB070209-6695-021-0737/52(1) | I4: ภาควิชาโสต ศอ นาสิก วิทยา | J4: หน่วยผ่าตัด | K4: งานการพยาบาลผู้ป่วยผ่าตัดและพักฟื้น | L4: OS
A5: 4 | B5: MEDCMU-001452 | C5: Vital Sign Monitors | D5: เครื่องติดตามการทำงานของหัวใจและสัญญาณชีพ | E5: Drager | F5: Vista 120 | G5: V2SHK0119 | H5: GB070209-6695-021-0221/57(1) | I5: ภาควิชาวิสัญญีวิทยา | J5: ภาควิชาวิสัญญีวิทยา | K5: ภาควิชาวิสัญญีวิทยา | L5: OS
A6: 5 | B6: MEDCMU-001454 | C6: Vital Sign Monitors | D6: เครื่องติดตามการทำงานของหัวใจและสัญญาณชีพ | E6: Nihon Kohden | F6: BSM-6501K | G6: "03076 | H6: DF(1)09-6670-001-0273/56(1) | I6: ภาควิชาวิสัญญีวิทยา | J6: ภาควิชาวิสัญญีวิทยา | K6: ภาควิชาวิสัญญีวิทยา | L6: OS
A7: 6 | B7: MEDCMU-001460 | C7: Vital Sign Monitors | D7: เครื่องติดตามการทำงานของหัวใจและสัญญาณชีพ | E7: Philips | F7: Efficia CM100 | G7: CN62630662 | H7: DF0409-6545-018-0389/61(2)-สปสช | I7: ภาควิชาวิสัญญีวิทยา | J7: ภาควิชาวิสัญญีวิทยา | K7: ภาควิชาวิสัญญีวิทยา | L7: OS
A8: 7 | B8: MEDCMU-001465 | C8: Vital Sign Monitors | D8: เครื่องติดตามการทำงานของหัวใจและสัญญาณชีพ | E8: GE | F8: B20 | G8: SM218471952WA | H8: DF0409-6545-018-0393/61(1) | I8: ภาควิชาวิสัญญีวิทยา | J8: ภาควิชาวิสัญญีวิทยา | K8: ภาควิชาวิสัญญีวิทยา | L8: OS
A9: 8 | B9: MEDCMU-001468 | C9: Radiant Warmer | D9: เครื่องทำความอบอุ่นโดยการแผ่รังสี | E9: Ohmeda | F9: 3300 | G9: HCCN50018 | H9: HI920209-6695-021-0862/53(2) | I9: ภาควิชาวิสัญญีวิทยา | J9: ภาควิชาวิสัญญีวิทยา | K9: ภาควิชาวิสัญญีวิทยา | L9: OS
A10: 9 | B10: MEDCMU-001469 | C10: Radiant Warmer | D10: เครื่องทำความอบอุ่นโดยการแผ่รังสี | E10: Ohmeda | F10: 2001 | G10: HRJ500034 | H10: 7032-172-0001/32 | I10: ภาควิชาวิสัญญีวิทยา | J10: ภาควิชาวิสัญญีวิทยา | K10: ภาควิชาวิสัญญีวิทยา | L10: OS
A11: 10 | B11: MEDCMU-001474 | C11: Vital Sign Monitors | D11: เครื่องติดตามการทำงานของหัวใจและสัญญาณชีพ | E11: Drager | F11: Infinity Vista | G11: 5515344469 | H11: GB070209-6315-001-0002/54(1) | I11: ภาควิชาวิสัญญีวิทยา | J11: ภาควิชาวิสัญญีวิทยา | K11: ภาควิชาวิสัญญีวิทยา | L11: OS
A12: 11 | B12: MEDCMU-001476 | C12: Vital Sign Monitors | D12: เครื่องติดตามการทำงานของหัวใจและสัญญาณชีพ | E12: GE | F12: Dash 4000 | G12: SBG06346913GA | H12: GB070204-6695-021-0098/49.1 | I12: ภาควิชาวิสัญญีวิทยา | J12: ภาควิชาวิสัญญีวิทยา | K12: ภาควิชาวิสัญญีวิทยา | L12: OS
A13: 12 | B13: MEDCMU-001480 | C13: Vital Sign Monitors | D13: เครื่องติดตามการทำงานของหัวใจและสัญญาณชีพ | E13: Utas | F13: UM-300 | G13: 15011.0042 | H13: DF0409-6545-018-0243/58(1) | I13: ภาควิชาวิสัญญีวิทยา | J13: ภาควิชาวิสัญญีวิทยา | K13: ภาควิชาวิสัญญีวิทยา | L13: OS
... A104: 103 | B104: MEDCMU-020176 | C104: Electrosurgical Unit | D104: เครื่องจี้และตัดด้วยไฟฟ้า | E104: CONMED | F104: System 5000 | G104: 18490008 | H104: HI920209-6545-01-0573/64(1) | I104: หน่วยผ่าตัดที่ 6 | J104: หน่วยผ่าตัดที่ 6 | K104: งานการพยาบาลผู้ป่วยผ่าตัดและพักฟื้น | L104: OS
A105: 104 | B105: MEDCMU-020179 | C105: Electrosurgical Unit | D105: เครื่องจี้และตัดด้วยไฟฟ้า | E105: COVIDIEN | F105: Valleylab FT10 | H105: HI920209-6545-015-0087/65(1) | I105: หน่วยผ่าตัดที่ 1 | J105: หน่วยผ่าตัดที่ 1 | K105: งานการพยาบาลผู้ป่วยผ่าตัดและพักฟื้น | L105: OS
A106: 105 | B106: MEDCMU-020915 | C106: Harmonic Electrosurgical Unit | D106: เครื่องจี้และตัดด้วยไฟฟ้าระบบฮาร์โมนิก | E106: Ethicon | F106: Endo-Surgery | G106: 1111811046 | H106: HI920209-6545-015-0062/61(1) | I106: หน่วยผ่าตัด | J106: หน่วยผ่าตัด | K106: งานการพยาบาลผู้ป่วยผ่าตัดและพักฟื้น | L106: OS
A107: 106 | B107: MEDCMU-020918 | C107: Harmonic Electrosurgical Unit | D107: เครื่องจี้และตัดด้วยไฟฟ้าระบบฮาร์โมนิก | E107: Ethicon | F107: Endo Surgery | G107: 2016-09-06 | H107: DF(1)09-6545-018-0272/60(1) | I107: หน่วยผ่าตัด | J107: หน่วยผ่าตัด | K107: งานการพยาบาลผู้ป่วยผ่าตัดและพักฟื้น | L107: OS
A108: 107 | B108: MEDCMU-021642 | C108: Vital Sign Monitors | D108: เครื่องติดตามการทำงานของหัวใจและสัญญาณชีพ | E108: Nihon Kohden | F108: SVM-7260 | G108: 03257 | H108: DF040209-6515-026-0003/68(1-8).8 | I108: หน่วยดูแลผู้ป่วยก่อนผ่าตัด | J108: หน่วยดูแลผู้ป่วยก่อนผ่าตัด | K108: งานการพยาบาลผู้ป่วยผ่าตัดและพักฟื้น | L108: OS
A109: 108 | B109: MEDCMU-021829 | C109: Vital Sign Monitors | D109: เครื่องติดตามการทำงานของหัวใจและสัญญาณชีพ | E109: Mindray | F109: BeneVision N1 | G109: AA3-63118775 | H109: HI920209-6545-018-0494/69(1-2).1 | I109: ภาควิชาวิสัญญีวิทยา | J109: ภาควิชาวิสัญญีวิทยา | K109: ภาควิชาวิสัญญีวิทยา | L109: OS
A110: 109 | B110: MEDCMU-021830 | C110: Vital Sign Monitors | D110: เครื่องติดตามการทำงานของหัวใจและสัญญาณชีพ | E110: Mindray | F110: BeneVision N1 | G110: AA3-63118776 | H110: HI920209-6545-018-0494/69(1-2).2 | I110: ภาควิชาวิสัญญีวิทยา | J110: ภาควิชาวิสัญญีวิทยา | K110: ภาควิชาวิสัญญีวิทยา | L110: OS
A111: 110 | B111: MEDCMU-021831 | C111: Pulse Oximeter | D111: เครื่องวัดเปอร์เซ็นต์ความอิ่มตัวของออกซิเจนในเลือด | E111: Medtronic | F111: Capnostream 35 | G111: SL24030335 | H111: HI920209-6545-018-0943/69(1-2).1 | I111: ภาควิชาวิสัญญีวิทยา | J111: ภาควิชาวิสัญญีวิทยา | K111: ภาควิชาวิสัญญีวิทยา | L111: OS
A112: 111 | B112: MEDCMU-021832 | C112: Pulse Oximeter | D112: เครื่องวัดเปอร์เซ็นต์ความอิ่มตัวของออกซิเจนในเลือด | E112: Medtronic | F112: Capnostream 35 | G112: SL24030339 | H112: HI920209-6545-018-0943/69(1-2).2 | I112: ภาควิชาวิสัญญีวิทยา | J112: ภาควิชาวิสัญญีวิทยา | K112: ภาควิชาวิสัญญีวิทยา | L112: OS
A113: 112 | B113: MEDCMU-021849 | C113: Electrosurgical Unit | D113: เครื่องจี้และตัดด้วยไฟฟ้า | E113: Covidien | F113: Valleylab FT10 | G113: T5L02113DW | H113: HI920209-6545-015-0088/69(1).1 | I113: หน่วยผ่าตัด | J113: หน่วยผ่าตัดที่ 4 | K113: งานการพยาบาลผู้ป่วยผ่าตัดและพักฟื้น | L113: OS
A114: 113 | B114: MEDCMU-001771 | C114: Vital Sign Monitors | D114: เครื่องติดตามการทำงานของหัวใจและสัญญาณชีพ | E114: Philips | F114: IntelliVue MP2 | G114: DE57626434 | H114: DF0409-6545-018-0242/61(1) | I114: ภาควิชาวิสัญญีวิทยา | J114: ภาควิชาวิสัญญีวิทยา | K114: ภาควิชาวิสัญญีวิทยา | L114: OS
A115: 114 | B115: MEDCMU-004808 | C115: Vital Sign Monitors | D115: เครื่องติดตามการทำงานของหัวใจและสัญญาณชีพ | E115: GE | F115: Dash 4000 | G115: C4ED564LG | H115: HI6515-035-004/47(3) | I115: ภาควิชาวิสัญญีวิทยา | J115: ภาควิชาวิสัญญีวิทยา | K115: ภาควิชาวิสัญญีวิทยา | L115: OS
A116: 115 | B116: MEDCMU-007350 | C116: Pulse Oximeter | D116: เครื่องวัดเปอร์เซ็นต์ความอิ่มตัวของออกซิเจนในเลือด | E116: Biosys | F116: BPM-200 | G116: 125-GD5080 | H116: UC09-6670-001-0028/47.1 | I116: หอผู้ป่วยพักฟื้น | J116: หอผู้ป่วยพักฟื้น | K116: งานการพยาบาลผู้ป่วยผ่าตัดและพักฟื้น | L116: OS
A117: 116 | B117: MEDCMU-020198 | C117: Vital Sign Monitors | D117: เครื่องติดตามการทำงานของหัวใจและสัญญาณชีพ | E117: Mindray | F117: BeneVision 12 | G117: F8-17033995 | H117: DF0409-6545-018-0511/63(3) | I117: ภาควิชาวิสัญญีวิทยา | J117: ภาควิชาวิสัญญีวิทยา | K117: ภาควิชาวิสัญญีวิทยา | L117: OS
... A119: 118 | B119: MEDCMU-020221 | C119: Vital Sign Monitors | D119: เครื่องติดตามการทำงานของหัวใจและสัญญาณชีพ | E119: Drager | F119: Vista 120 | G119: VOSKE0038 | H119: DF0408-6545-018-0340/60(1) | I119: ภาควิชาวิสัญญีวิทยา | J119: ภาควิชาวิสัญญีวิทยา | K119: ภาควิชาวิสัญญีวิทยา | L119: OS

Sheet OR (IH)
A1: ลำดับ | B1: รหัสเครื่อง | C1: ชื่อเครื่อง | D1: ชื่อเครื่องภาษาไทย | E1: ยี่ห้อ | F1: รุ่น | G1: SerialNo | H1: เลขครุภัณฑ์ | I1: ชื่อหน่วยงานเจ้าของเครื่อง | J1: ชื่อหน่วยงานที่ใช้เครื่อง | K1: งาน | L1: หมายเหตุ
A2: 1 | B2: MEDCMU-001650 | C2: Ultrasound | D2: เครื่องตรวจวินิจฉัยอวัยวะภายในด้วยคลื่นความถี่เหนือเสียง | E2: SonoSite | F2: M-Turbo | G2: 03DCGM | I2: ภาควิชาวิสัญญีวิทยา | J2: ภาควิชาวิสัญญีวิทยา | K2: ภาควิชาวิสัญญีวิทยา
A3: 2 | B3: MEDCMU-001721 | C3: Ultrasound | D3: เครื่องตรวจวินิจฉัยอวัยวะภายในด้วยคลื่นความถี่เหนือเสียง | E3: Hitachi | F3: Aloka | G3: 205U4055 | H3: DF0409-6545-018-0331/60(1) | I3: ภาควิชาวิสัญญีวิทยา | J3: ภาควิชาวิสัญญีวิทยา | K3: ภาควิชาวิสัญญีวิทยา
A4: 3 | B4: MEDCMU-001724 | C4: Ultrasound | D4: เครื่องตรวจวินิจฉัยอวัยวะภายในด้วยคลื่นความถี่เหนือเสียง | E4: SonoSite | F4: X-Porte | G4: 03Z984 | H4: HI920209-6545-018-078/58(1) | I4: ภาควิชาวิสัญญีวิทยา | J4: ภาควิชาวิสัญญีวิทยา | K4: ภาควิชาวิสัญญีวิทยา
A5: 4 | B5: MEDCMU-004822 | C5: Vital Sign Monitors | D5: เครื่องติดตามการทำงานของหัวใจและสัญญาณชีพ | E5: Philips | F5: IntelliVue MP70 | G5: DE843B4016 | I5: ภาควิชาวิสัญญีวิทยา | J5: ภาควิชาวิสัญญีวิทยา | K5: ภาควิชาวิสัญญีวิทยา
A6: 5 | B6: MEDCMU-004843 | C6: Ultrasound | D6: เครื่องตรวจวินิจฉัยอวัยวะภายในด้วยคลื่นความถี่เหนือเสียง | E6: Honda | F6: HS-2600 | G6: 30810245 | H6: DF(1)09-6695-019-0016/57(1) | I6: ภาควิชาวิสัญญีวิทยา | J6: ภาควิชาวิสัญญีวิทยา | K6: ภาควิชาวิสัญญีวิทยา
A7: 6 | B7: MEDCMU-020220 | C7: NIBP Monitor | D7: เครื่องวัดความดันโลหิตอัตโนมัติ | E7: Omron | F7: HBP-9020 | G7: 02001436LF | H7: HI920209-6670-001-0262/59(1) | I7: ภาควิชาวิสัญญีวิทยา | J7: ภาควิชาวิสัญญีวิทยา | K7: ภาควิชาวิสัญญีวิทยา
A8: 7 | B8: MEDCMU-020274 | C8: Ultrasound | D8: เครื่องตรวจวินิจฉัยอวัยวะภายในด้วยคลื่นความถี่เหนือเสียง | E8: Konica Minolta | F8: MX1 | G8: ACTN-00106 | H8: GB070209-6545-018-0357/64(1) | I8: ภาควิชาวิสัญญีวิทยา | J8: ภาควิชาวิสัญญีวิทยา | K8: ภาควิชาวิสัญญีวิทยา
A9: 8 | B9: MEDCMU-020275 | C9: Ultrasound | D9: เครื่องตรวจวินิจฉัยอวัยวะภายในด้วยคลื่นความถี่เหนือเสียง | E9: Konica Minolta | F9: MX1 | G9: ACTN-00107 | H9: GB070209-6545-018-0357/64(2) | I9: ภาควิชาวิสัญญีวิทยา | J9: ภาควิชาวิสัญญีวิทยา | K9: ภาควิชาวิสัญญีวิทยา
A10: 9 | B10: MEDCMU-001463 | C10: Defibrillator | D10: เครื่องกระตุกหัวใจด้วยไฟฟ้า | E10: Philips | F10: Heartstart XL | G10: US00336383 | H10: UI970209-6695-021-0247/48(1) | I10: ภาควิชาวิสัญญีวิทยา | J10: ภาควิชาวิสัญญีวิทยา | K10: ภาควิชาวิสัญญีวิทยา
A11: 10 | B11: MEDCMU-001374 | C11: Patient Warmer | D11: เครื่องรักษาให้ความอบอุ่นแก่ร่างกาย | E11: Bair Hugger | F11: 775 | G11: 55098 | H11: DF0409-6695-021-0472/57(7) | I11: ภาควิชาวิสัญญีวิทยา | J11: ภาควิชาวิสัญญีวิทยา | K11: ภาควิชาวิสัญญีวิทยา
A12: 11 | B12: MEDCMU-001461 | C12: Patient Warmer | D12: เครื่องรักษาให้ความอบอุ่นแก่ร่างกาย | E12: Bair Hugger | F12: 775 | G12: 24769 | H12: HI920209-6545-018-0084/55(2) | I12: ภาควิชาวิสัญญีวิทยา | J12: ภาควิชาวิสัญญีวิทยา | K12: ภาควิชาวิสัญญีวิทยา
A13: 12 | B13: MEDCMU-001462 | C13: Patient Warmer | D13: เครื่องรักษาให้ความอบอุ่นแก่ร่างกาย | E13: Bair Hugger | F13: 775 | G13: 55099 | H13: DF0409-6695-021-0472/57(8) | I13: ภาควิชาวิสัญญีวิทยา | J13: ภาควิชาวิสัญญีวิทยา | K13: ภาควิชาวิสัญญีวิทยา
A14: 13 | B14: MEDCMU-001488 | C14: Patient Warmer | D14: เครื่องรักษาให้ความอบอุ่นแก่ร่างกาย | E14: Bair Hugger | F14: 775 | G14: 29987 | H14: HI920209-6545-018-0084/56(3) | I14: ภาควิชาวิสัญญีวิทยา | J14: ภาควิชาวิสัญญีวิทยา | K14: ภาควิชาวิสัญญีวิทยา
A15: 14 | B15: MEDCMU-001526 | C15: Patient Warmer | D15: เครื่องรักษาให้ความอบอุ่นแก่ร่างกาย | E15: Bair Hugger | F15: 505 | G15: 69106 | H15: HI09-6635-004-0001/49(1) | I15: ภาควิชาวิสัญญีวิทยา | J15: ภาควิชาวิสัญญีวิทยา | K15: ภาควิชาวิสัญญีวิทยา
A16: 15 | B16: MEDCMU-001527 | C16: Patient Warmer | D16: เครื่องรักษาให้ความอบอุ่นแก่ร่างกาย | E16: Bair Hugger | F16: 775 | G16: 29985 | H16: HI920209-6545-018-0084/56(2) | I16: ภาควิชาวิสัญญีวิทยา | J16: ภาควิชาวิสัญญีวิทยา | K16: ภาควิชาวิสัญญีวิทยา
A17: 16 | B17: MEDCMU-001546 | C17: Patient Warmer | D17: เครื่องรักษาให้ความอบอุ่นแก่ร่างกาย | E17: Bair Hugger | F17: 775 | G17: 55097 | H17: DF0409-6695-021-0472/57(6) | I17: ภาควิชาวิสัญญีวิทยา | J17: ภาควิชาวิสัญญีวิทยา | K17: ภาควิชาวิสัญญีวิทยา
A18: 17 | B18: MEDCMU-001700 | C18: Regulator with Oxygen Flow meter | D18: ตัวควบคุมความดันพร้อมชุดปรับอัตราการไหลของออกซิเจน | E18: Generico | F18: 195M | I18: ภาควิชาวิสัญญีวิทยา | J18: ภาควิชาวิสัญญีวิทยา | K18: ภาควิชาวิสัญญีวิทยา
A19: 18 | B19: MEDCMU-001731 | C19: Video Laryngoscope | D19: กล้องส่องเพื่อช่วยใส่ท่อหายใจ | E19: Storz Medical | F19: 8402ZX | G19: OX3216 | H19: HI920209-6545-018-0085/55(1) | I19: ภาควิชาวิสัญญีวิทยา | J19: ภาควิชาวิสัญญีวิทยา | K19: ภาควิชาวิสัญญีวิทยา
A20: 19 | B20: MEDCMU-001732 | C20: Video Laryngoscope | D20: กล้องส่องเพื่อช่วยใส่ท่อหายใจ | E20: GlideScope | G20: AN143057 | H20: HI920209-6545-018-0085/57(3) | I20: ภาควิชาวิสัญญีวิทยา | J20: ภาควิชาวิสัญญีวิทยา | K20: ภาควิชาวิสัญญีวิทยา
A21: 20 | B21: MEDCMU-001735 | C21: Video Laryngoscope | D21: กล้องส่องเพื่อช่วยใส่ท่อหายใจ | E21: Storz Medical | F21: 8403ZX | G21: ZV3889 | H21: HI920209-6515-018-0108/58(1) | I21: ภาควิชาวิสัญญีวิทยา | J21: ภาควิชาวิสัญญีวิทยา | K21: ภาควิชาวิสัญญีวิทยา
A22: 21 | B22: MEDCMU-001767 | C22: Video Laryngoscope | D22: กล้องส่องเพื่อช่วยใส่ท่อหายใจ | E22: Storz Medical | F22: 8403ZX | G22: WS13198 | H22: DF0409-6545-018-0332/60(1) | I22: ภาควิชาวิสัญญีวิทยา | J22: ภาควิชาวิสัญญีวิทยา | K22: ภาควิชาวิสัญญีวิทยา
A23: 22 | B23: MEDCMU-004823 | C23: Patient Warmer | D23: เครื่องรักษาให้ความอบอุ่นแก่ร่างกาย | E23: Bair Hugger | F23: 775 | G23: 17811 | I23: ภาควิชาวิสัญญีวิทยา | J23: ภาควิชาวิสัญญีวิทยา | K23: ภาควิชาวิสัญญีวิทยา
A24: 23 | B24: MEDCMU-004827 | C24: Hypothermia and Hyperthermia Units | D24: เครื่องควบคุมอุณหภูมิร่างกายชนิดภายนอก | E24: Stockert | F24: 3T | G24: 16S18990 | H24: GB070209-6545-018-0454/61(1) | I24: ภาควิชาวิสัญญีวิทยา | J24: ภาควิชาวิสัญญีวิทยา | K24: ภาควิชาวิสัญญีวิทยา
A25: 24 | B25: MEDCMU-004838 | C25: Patient Warmer | D25: เครื่องรักษาให้ความอบอุ่นแก่ร่างกาย | E25: Bair Hugger | F25: 775 | G25: 54052 | H25: DF0409-6695-021-0472/57(4) | I25: ภาควิชาวิสัญญีวิทยา | J25: ภาควิชาวิสัญญีวิทยา | K25: ภาควิชาวิสัญญีวิทยา
A26: 25 | B26: MEDCMU-004851 | C26: Patient Warmer | D26: เครื่องรักษาให้ความอบอุ่นแก่ร่างกาย | E26: Bair Hugger | F26: 775 | G26: 54053 | H26: DF0409-6695-021-0472/57(5) | I26: ภาควิชาวิสัญญีวิทยา | J26: ภาควิชาวิสัญญีวิทยา | K26: ภาควิชาวิสัญญีวิทยา
A27: 26 | B27: MEDCMU-004865 | C27: Hypothermia and Hyperthermia Units | D27: เครื่องควบคุมอุณหภูมิร่างกายชนิดภายนอก | E27: Maquet | F27: HCU40 | G27: 90440601 | H27: GB070209-6545-018-0232/59(1) | I27: ภาควิชาวิสัญญีวิทยา | J27: ภาควิชาวิสัญญีวิทยา | K27: ภาควิชาวิสัญญีวิทยา
A28: 27 | B28: MEDCMU-004873 | C28: Regulator with Oxygen Flow meter | D28: ตัวควบคุมความดันพร้อมชุดปรับอัตราการไหลของออกซิเจน | E28: Crown | F28: FR-1K | I28: ภาควิชาวิสัญญีวิทยา | J28: ภาควิชาวิสัญญีวิทยา | K28: ภาควิชาวิสัญญีวิทยา
A29: 28 | B29: MEDCMU-018782 | C29: Patient Warmer | D29: เครื่องรักษาให้ความอบอุ่นแก่ร่างกาย | E29: Bairhugger | F29: 775 | G29: 145866 | H29: HI920209-6545-018-0084/55(1) | I29: ภาควิชาวิสัญญีวิทยา | J29: ภาควิชาวิสัญญีวิทยา | K29: ภาควิชาวิสัญญีวิทยา
A30: 29 | B30: MEDCMU-018999 | C30: Patient Warmer | D30: เครื่องรักษาให้ความอบอุ่นแก่ร่างกาย | E30: 3M | F30: 775 | G30: 208816 | H30: HI920209-6545-018-0084/66(1-2) | I30: ภาควิชาวิสัญญีวิทยา | J30: ภาควิชาวิสัญญีวิทยา | K30: ภาควิชาวิสัญญีวิทยา
A31: 30 | B31: MEDCMU-019000 | C31: Patient Warmer | D31: เครื่องรักษาให้ความอบอุ่นแก่ร่างกาย | E31: 3M | F31: 775 | G31: 208817 | H31: HI920209-6545-018-0084/66(2-2) | I31: ภาควิชาวิสัญญีวิทยา | J31: ภาควิชาวิสัญญีวิทยา | K31: ภาควิชาวิสัญญีวิทยา
A32: 31 | B32: MEDCMU-019612 | C32: Patient Warmer | D32: เครื่องรักษาให้ความอบอุ่นแก่ร่างกาย | E32: 3M Bear Hugger | F32: 775 | G32: 208817 | H32: HI920209-6545-018-0084/66(2) | I32: ภาควิชาวิสัญญีวิทยา | J32: ภาควิชาวิสัญญีวิทยา | K32: ภาควิชาวิสัญญีวิทยา
A33: 32 | B33: MEDCMU-019881 | C33: Video Laryngoscope | D33: กล้องส่องเพื่อช่วยใส่ท่อหายใจ | E33: EZ Vision | G33: 2102040 | H33: HI920209-6545-018-0258/64(1) | I33: ภาควิชาวิสัญญีวิทยา | J33: ภาควิชาวิสัญญีวิทยา | K33: ภาควิชาวิสัญญีวิทยา
A34: 33 | B34: MEDCMU-021029 | C34: Patient Warmer | D34: เครื่องรักษาให้ความอบอุ่นแก่ร่างกาย | E34: Bair Hugger | F34: 775 | G34: 150522 | H34: HI920209-6545-018-0084/66(3) | I34: ภาควิชาวิสัญญีวิทยา | J34: ภาควิชาวิสัญญีวิทยา | K34: ภาควิชาวิสัญญีวิทยา
A35: 34 | B35: MEDCMU-021030 | C35: Patient Warmer | D35: เครื่องรักษาให้ความอบอุ่นแก่ร่างกาย | E35: Bair hugger | F35: 505 | G35: 85057 | H35: HI970209-6695-021-0472/52(1) | I35: ภาควิชาวิสัญญีวิทยา | J35: ภาควิชาวิสัญญีวิทยา | K35: ภาควิชาวิสัญญีวิทยา
A36: 35 | B36: MEDCMU-021324 | C36: Laryngoscope | D36: เครื่องส่องท่อทางเดินหายใจ | E36: Welch Allyn | F36: 60813 | H36: GB070209-6545-018/0518/66(2) | I36: ภาควิชาวิสัญญีวิทยา | J36: ภาควิชาวิสัญญีวิทยา | K36: ภาควิชาวิสัญญีวิทยา
A37: 36 | B37: MEDCMU-021325 | C37: Laryngoscope | D37: เครื่องส่องท่อทางเดินหายใจ | E37: Welch Allyn | F37: 60813 | H37: DF0409-6545-018-0518/64(4) | I37: ภาควิชาวิสัญญีวิทยา | J37: ภาควิชาวิสัญญีวิทยา | K37: ภาควิชาวิสัญญีวิทยา
A38: 37 | B38: MEDCMU-021326 | C38: Laryngoscope | D38: เครื่องส่องท่อทางเดินหายใจ | E38: Welch Allyn | F38: 60813 | H38: GB070209-6545-018-0518/66(3) | I38: ภาควิชาวิสัญญีวิทยา | J38: ภาควิชาวิสัญญีวิทยา | K38: ภาควิชาวิสัญญีวิทยา
A39: 38 | B39: MEDCMU-021365 | C39: Laryngoscope | D39: เครื่องส่องท่อทางเดินหายใจ | E39: Welch Allyn | F39: 60813 | H39: DF0409-6545-018-0518/64(6) | I39: ภาควิชาวิสัญญีวิทยา | J39: ภาควิชาวิสัญญีวิทยา | K39: ภาควิชาวิสัญญีวิทยา
A40: 39 | B40: MEDCMU-021366 | C40: Laryngoscope | D40: เครื่องส่องท่อทางเดินหายใจ | E40: Welch Allyn | F40: 60813 | G40: 732094250121 | H40: DF0409-6545-018-0518/64(3) | I40: ภาควิชาวิสัญญีวิทยา | J40: ภาควิชาวิสัญญีวิทยา | K40: ภาควิชาวิสัญญีวิทยา
A41: 40 | B41: MEDCMU-021367 | C41: Laryngoscope | D41: เครื่องส่องท่อทางเดินหายใจ | E41: Welch Allyn | F41: 60813 | G41: 732094142907 | H41: DF070209-6545-018-0518/66(9) | I41: ภาควิชาวิสัญญีวิทยา | J41: ภาควิชาวิสัญญีวิทยา | K41: ภาควิชาวิสัญญีวิทยา
A42: 41 | B42: MEDCMU-021382 | C42: Patient Warmer | D42: เครื่องรักษาให้ความอบอุ่นแก่ร่างกาย | E42: Cocoon | F42: CWS4000 | G42: CWS4-1998-13 | H42: HI920209-6695-021-0472/56(3) | I42: ภาควิชาวิสัญญีวิทยา | J42: ภาควิชาวิสัญญีวิทยา | K42: ภาควิชาวิสัญญีวิทยา
A43: 42 | B43: MEDCMU-021385 | C43: Laryngoscope | D43: เครื่องส่องท่อทางเดินหายใจ | E43: Welch Allyn | F43: 60813 | G43: 732094142907 | H43: GB070209-6545-018-0518/66(6) | I43: ภาควิชาวิสัญญีวิทยา | J43: ภาควิชาวิสัญญีวิทยา | K43: ภาควิชาวิสัญญีวิทยา
A44: 43 | B44: MEDCMU-021386 | C44: Laryngoscope | D44: เครื่องส่องท่อทางเดินหายใจ | E44: Welch Allyn | F44: 60813 | H44: DF0409-6545-018-0518/64(7) | I44: ภาควิชาวิสัญญีวิทยา | J44: ภาควิชาวิสัญญีวิทยา | K44: ภาควิชาวิสัญญีวิทยา
A45: 44 | B45: MEDCMU-021387 | C45: Laryngoscope | D45: เครื่องส่องท่อทางเดินหายใจ | E45: Welch Allyn | F45: 60813 | H45: GB070209-6545-018-0518/66(7) | I45: ภาควิชาวิสัญญีวิทยา | J45: ภาควิชาวิสัญญีวิทยา | K45: ภาควิชาวิสัญญีวิทยา
A46: 45 | B46: MEDCMU-021393 | C46: Laryngoscope | D46: เครื่องส่องท่อทางเดินหายใจ | E46: Welch Allyn | F46: 60813 | H46: HI920209-6695-021-0699/62(1) | I46: ภาควิชาวิสัญญีวิทยา | J46: ภาควิชาวิสัญญีวิทยา | K46: ภาควิชาวิสัญญีวิทยา
A47: 46 | B47: MEDCMU-021394 | C47: Laryngoscope | D47: เครื่องส่องท่อทางเดินหายใจ | E47: Welch Allyn | F47: 60813 | H47: DF0409-6545-018-0518/65(1) | I47: ภาควิชาวิสัญญีวิทยา | J47: ภาควิชาวิสัญญีวิทยา | K47: ภาควิชาวิสัญญีวิทยา
A48: 47 | B48: MEDCMU-021395 | C48: Laryngoscope | D48: เครื่องส่องท่อทางเดินหายใจ | E48: Welch Allyn | F48: 60813 | G48: 00732094250121 | H48: GB070209-6545-018-0518/66(8) | I48: ภาควิชาวิสัญญีวิทยา | J48: ภาควิชาวิสัญญีวิทยา | K48: ภาควิชาวิสัญญีวิทยา
A49: 48 | B49: MEDCMU-021415 | C49: Laryngoscope | D49: เครื่องส่องท่อทางเดินหายใจ | E49: Welch Allyn | F49: 60813 | G49: 732094141907 | H49: DF0409-6565-018-0518/64(10) | I49: ภาควิชาวิสัญญีวิทยา | J49: ภาควิชาวิสัญญีวิทยา | K49: ภาควิชาวิสัญญีวิทยา
A50: 49 | B50: MEDCMU-021416 | C50: Laryngoscope | D50: เครื่องส่องท่อทางเดินหายใจ | E50: Welch Allyn | F50: 60813 | G50: 732094250121 | H50: GB070209-6545-018-0518/66(3) | I50: ภาควิชาวิสัญญีวิทยา | J50: ภาควิชาวิสัญญีวิทยา | K50: ภาควิชาวิสัญญีวิทยา
A51: 50 | B51: MEDCMU-021417 | C51: Laryngoscope | D51: เครื่องส่องท่อทางเดินหายใจ | E51: Welch Allyn | F51: 60813 | G51: 00732094142907 | H51: GB070209-6545-018-0518/66(10) | I51: ภาควิชาวิสัญญีวิทยา | J51: ภาควิชาวิสัญญีวิทยา | K51: ภาควิชาวิสัญญีวิทยา
A52: 51 | B52: MEDCMU-021430 | C52: Laryngoscope | D52: เครื่องส่องท่อทางเดินหายใจ | E52: Welch Allyn | F52: 60813 | G52: 00732094250121 | H52: DF0409-6545-018-0518/65(2) | I52: ภาควิชาวิสัญญีวิทยา | J52: ภาควิชาวิสัญญีวิทยา | K52: ภาควิชาวิสัญญีวิทยา
A53: 52 | B53: MEDCMU-021431 | C53: Laryngoscope | D53: เครื่องส่องท่อทางเดินหายใจ | E53: Welch Allyn | F53: 60813 | G53: 00732094142907 | H53: GB070209-6545-018-0518/66(4) | I53: ภาควิชาวิสัญญีวิทยา | J53: ภาควิชาวิสัญญีวิทยา | K53: ภาควิชาวิสัญญีวิทยา
A54: 53 | B54: MEDCMU-018353 | C54: Pulse Oximeter | D54: เครื่องวัดเปอร์เซ็นต์ความอิ่มตัวของออกซิเจนในเลือด | E54: Covidien | F54: PM10N | G54: MBP2001066 | I54: หมวดอุปกรณ์การแพทย์ | J54: ภาควิชาวิสัญญีวิทยา | K54: ภาควิชาวิสัญญีวิทยา
A55: 54 | B55: MEDCMU-001382 | C55: High Flow Nasal Oxygen Theraphy | D55: เครื่องให้ออกซิเจนด้วยอัตราการไหลสูง | E55: Fisher & Paykel Healthcare | F55: AIRVO-2 | G55: 180314067399 | H55: HI920209-6545-018-0359/61(1) | I55: ภาควิชาวิสัญญีวิทยา | J55: ภาควิชาวิสัญญีวิทยา | K55: ภาควิชาวิสัญญีวิทยา
A56: 55 | B56: MEDCMU-008085 | C56: Echo Ultrasound | D56: เครื่องตรวจหัวใจด้วยคลื่นความถี่สูง | E56: Toshiba | F56: SSH-880CV | G56: W1M1272765 | H56: GB070209-6545-018-0071/54(1) | I56: ภาควิชาวิสัญญีวิทยา | J56: ภาควิชาวิสัญญีวิทยา | K56: ภาควิชาวิสัญญีวิทยา
A57: 56 | B57: MEDCMU-008086 | C57: Echo Ultrasound | D57: เครื่องตรวจหัวใจด้วยคลื่นความถี่สูง | E57: Agilent | F57: Sonos 4500 | G57: US97808173 | H57: DF6515-344-020/44.1 | I57: ภาควิชาวิสัญญีวิทยา | J57: ภาควิชาวิสัญญีวิทยา | K57: ภาควิชาวิสัญญีวิทยา
A58: 57 | B58: MEDCMU-019841 | C58: Echo Ultrasound | D58: เครื่องตรวจหัวใจด้วยคลื่นความถี่สูง | E58: Philips | F58: Affinii 50C | H58: HI920209-6545-018-0311/60(1) | I58: ศูนย์โรคหัวใจภาคเหนือ | J58: ภาควิชาวิสัญญีวิทยา | K58: ภาควิชาวิสัญญีวิทยา
